Feature	MeanAbsSHAP_XGB
SMILES	0.34139103
ECFP_0	0.0053614615
ECFP_1	0.14580497
ECFP_2	0.0020961924
ECFP_3	0.0016359758
ECFP_4	0.010387828
ECFP_5	0.009091002
ECFP_6	0.0
ECFP_7	0.022571359
ECFP_8	0.0008131036
ECFP_9	0.0026006396
ECFP_10	0.01185378
ECFP_11	0.013365699
ECFP_12	0.016732868
ECFP_13	0.0073651783
ECFP_14	0.02073526
ECFP_15	0.008864267
ECFP_16	0.0
ECFP_17	0.0
ECFP_18	0.0003731734
ECFP_19	0.00048527372
ECFP_20	0.0
ECFP_21	0.0016527247
ECFP_22	0.0
ECFP_23	0.0031070262
ECFP_24	0.0012039002
ECFP_25	0.0
ECFP_26	0.0009275753
ECFP_27	0.00042931992
ECFP_28	0.0
ECFP_29	0.0
ECFP_30	0.0
ECFP_31	0.0007968301
ECFP_32	0.009127821
ECFP_33	0.013052789
ECFP_34	0.015333531
ECFP_35	0.0
ECFP_36	0.012435947
ECFP_37	0.004822955
ECFP_38	0.00036719028
ECFP_39	0.0
ECFP_40	0.0
ECFP_41	0.063728675
ECFP_42	0.0012570424
ECFP_43	0.0009642816
ECFP_44	0.0
ECFP_45	0.0005988515
ECFP_46	0.006811431
ECFP_47	0.009875221
ECFP_48	0.00041093942
ECFP_49	0.00909719
ECFP_50	0.0
ECFP_51	0.00042921994
ECFP_52	0.001965243
ECFP_53	0.001966927
ECFP_54	0.0
ECFP_55	0.0003493706
ECFP_56	0.0
ECFP_57	0.0003892367
ECFP_58	0.00035579974
ECFP_59	0.0
ECFP_60	0.0
ECFP_61	0.0012689068
ECFP_62	0.000402644
ECFP_63	0.00027900125
ECFP_64	0.069121435
ECFP_65	0.0
ECFP_66	0.0
ECFP_67	0.003197257
ECFP_68	0.0
ECFP_69	0.0
ECFP_70	0.0
ECFP_71	0.00756109
ECFP_72	0.00049853406
ECFP_73	0.00065176224
ECFP_74	0.0007681478
ECFP_75	0.00094118266
ECFP_76	0.0
ECFP_77	0.01154602
ECFP_78	0.0074078725
ECFP_79	0.017579628
ECFP_80	0.23186621
ECFP_81	0.00014987287
ECFP_82	0.0022418979
ECFP_83	0.0
ECFP_84	0.0102357045
ECFP_85	0.0
ECFP_86	0.00074317766
ECFP_87	0.0
ECFP_88	0.0
ECFP_89	0.0
ECFP_90	0.05538864
ECFP_91	0.0026912442
ECFP_92	0.0024358474
ECFP_93	0.00069473963
ECFP_94	0.00065279275
ECFP_95	0.0
ECFP_96	0.004166803
ECFP_97	0.007719758
ECFP_98	0.0
ECFP_99	0.0
ECFP_100	0.008238934
ECFP_101	0.0
ECFP_102	0.003713898
ECFP_103	0.0
ECFP_104	0.0011968791
ECFP_105	0.012790509
ECFP_106	0.0050898576
ECFP_107	0.0
ECFP_108	0.00027868562
ECFP_109	0.006870508
ECFP_110	0.010892185
ECFP_111	0.0
ECFP_112	0.0020415273
ECFP_113	0.00038370176
ECFP_114	0.008388223
ECFP_115	0.0066603622
ECFP_116	0.0029727812
ECFP_117	0.0047574835
ECFP_118	0.00536829
ECFP_119	0.08595365
ECFP_120	0.0
ECFP_121	0.02847465
ECFP_122	0.0
ECFP_123	0.00039875074
ECFP_124	0.00079637754
ECFP_125	0.0
ECFP_126	0.0
ECFP_127	0.0
ECFP_128	0.08017962
ECFP_129	0.0
ECFP_130	0.0054823523
ECFP_131	0.0064438246
ECFP_132	0.0
ECFP_133	0.0005634815
ECFP_134	0.0012887692
ECFP_135	0.0010380287
ECFP_136	0.027508825
ECFP_137	0.0
ECFP_138	0.020507608
ECFP_139	0.031494677
ECFP_140	0.049640268
ECFP_141	0.0019460211
ECFP_142	0.0
ECFP_143	0.00046380708
ECFP_144	0.0026052087
ECFP_145	0.00070144836
ECFP_146	0.0
ECFP_147	0.03288638
ECFP_148	0.0
ECFP_149	0.0
ECFP_150	0.0008689573
ECFP_151	0.008509111
ECFP_152	0.0061894134
ECFP_153	0.0
ECFP_154	0.02184501
ECFP_155	0.0
ECFP_156	0.0
ECFP_157	0.0
ECFP_158	0.0002090288
ECFP_159	0.0
ECFP_160	0.0
ECFP_161	0.0
ECFP_162	0.0003470388
ECFP_163	0.0
ECFP_164	0.0
ECFP_165	0.0023215197
ECFP_166	0.0
ECFP_167	0.0
ECFP_168	0.0
ECFP_169	0.0
ECFP_170	0.0
ECFP_171	0.008928552
ECFP_172	0.0
ECFP_173	0.0
ECFP_174	0.0
ECFP_175	0.013750265
ECFP_176	0.0
ECFP_177	0.0
ECFP_178	0.0
ECFP_179	0.017313113
ECFP_180	0.00047551858
ECFP_181	0.0
ECFP_182	0.004740771
ECFP_183	0.0
ECFP_184	0.0103221955
ECFP_185	0.00045144837
ECFP_186	0.0
ECFP_187	0.001186781
ECFP_188	0.0021785893
ECFP_189	0.0021489237
ECFP_190	0.00018241652
ECFP_191	0.008806032
ECFP_192	0.004903255
ECFP_193	0.008940929
ECFP_194	0.00083757396
ECFP_195	0.0008428676
ECFP_196	0.0
ECFP_197	0.021053871
ECFP_198	0.0
ECFP_199	0.0
ECFP_200	0.0018045325
ECFP_201	0.0
ECFP_202	0.008187501
ECFP_203	0.00497335
ECFP_204	0.0019607893
ECFP_205	0.0
ECFP_206	0.0
ECFP_207	0.061764378
ECFP_208	0.0018612571
ECFP_209	0.0
ECFP_210	0.0015651046
ECFP_211	0.0
ECFP_212	0.0068300134
ECFP_213	0.0
ECFP_214	0.005305494
ECFP_215	0.0
ECFP_216	0.010290435
ECFP_217	0.0
ECFP_218	0.0
ECFP_219	0.031795673
ECFP_220	0.0008885063
ECFP_221	0.0024607966
ECFP_222	0.047418945
ECFP_223	0.0
ECFP_224	0.0003003623
ECFP_225	0.00838102
ECFP_226	0.0031100009
ECFP_227	0.07839302
ECFP_228	0.00020765087
ECFP_229	0.0
ECFP_230	0.0
ECFP_231	0.007611779
ECFP_232	0.00023602438
ECFP_233	0.0053175096
ECFP_234	0.0
ECFP_235	0.00044870545
ECFP_236	0.0
ECFP_237	0.099804364
ECFP_238	0.0
ECFP_239	0.0030726134
ECFP_240	0.0
ECFP_241	0.0
ECFP_242	0.0022927416
ECFP_243	0.0
ECFP_244	0.0
ECFP_245	0.001114706
ECFP_246	0.00027424734
ECFP_247	0.0
ECFP_248	0.0007782911
ECFP_249	0.0017064089
ECFP_250	0.029481817
ECFP_251	0.0003682214
ECFP_252	0.00044185604
ECFP_253	0.003327693
ECFP_254	0.0
ECFP_255	0.014636609
ECFP_256	0.007579093
ECFP_257	0.0
ECFP_258	0.00042848306
ECFP_259	0.0
ECFP_260	0.0
ECFP_261	0.0
ECFP_262	0.0
ECFP_263	0.011104434
ECFP_264	0.0003456496
ECFP_265	0.0026117824
ECFP_266	0.005742183
ECFP_267	0.0069047012
ECFP_268	0.015341088
ECFP_269	0.0
ECFP_270	0.00020709899
ECFP_271	0.0022052252
ECFP_272	0.0
ECFP_273	0.0
ECFP_274	0.0064662173
ECFP_275	0.0033766448
ECFP_276	0.0
ECFP_277	0.0003176996
ECFP_278	0.0
ECFP_279	0.0003365174
ECFP_280	0.0004450045
ECFP_281	0.0012263095
ECFP_282	0.00044017038
ECFP_283	0.02389555
ECFP_284	0.116824605
ECFP_285	0.0027674707
ECFP_286	0.0
ECFP_287	0.0
ECFP_288	0.02152212
ECFP_289	0.0058599175
ECFP_290	0.0
ECFP_291	0.0
ECFP_292	0.0013462789
ECFP_293	0.0
ECFP_294	0.049398266
ECFP_295	0.031885903
ECFP_296	0.0
ECFP_297	0.019023051
ECFP_298	0.0026254277
ECFP_299	0.0008811387
ECFP_300	0.0015968243
ECFP_301	0.015440708
ECFP_302	0.0017371408
ECFP_303	0.0
ECFP_304	0.00042113493
ECFP_305	0.001382019
ECFP_306	0.0
ECFP_307	0.0050663007
ECFP_308	0.0018023473
ECFP_309	0.001346621
ECFP_310	0.003389194
ECFP_311	0.009816276
ECFP_312	0.00038635047
ECFP_313	0.0
ECFP_314	0.05573721
ECFP_315	0.0
ECFP_316	0.0015147823
ECFP_317	0.001307243
ECFP_318	0.002545579
ECFP_319	0.003287575
ECFP_320	0.0012914082
ECFP_321	0.0
ECFP_322	0.0114799235
ECFP_323	0.0007033348
ECFP_324	0.0017871283
ECFP_325	0.05608793
ECFP_326	0.0
ECFP_327	0.0009981641
ECFP_328	0.00032393585
ECFP_329	0.0012516303
ECFP_330	0.0
ECFP_331	0.0
ECFP_332	0.00043230303
ECFP_333	0.02349056
ECFP_334	0.0
ECFP_335	0.0
ECFP_336	0.00741167
ECFP_337	0.0
ECFP_338	0.00033267398
ECFP_339	0.00033724523
ECFP_340	0.0
ECFP_341	0.06604226
ECFP_342	0.015924903
ECFP_343	0.004103749
ECFP_344	0.0
ECFP_345	0.0070188753
ECFP_346	0.0
ECFP_347	0.0
ECFP_348	0.0010138785
ECFP_349	0.0010190429
ECFP_350	0.006283333
ECFP_351	0.0
ECFP_352	0.008527627
ECFP_353	0.0004423054
ECFP_354	0.0030575118
ECFP_355	0.011732886
ECFP_356	0.25136605
ECFP_357	0.00222011
ECFP_358	0.0
ECFP_359	0.00035524654
ECFP_360	0.004596411
ECFP_361	0.01994634
ECFP_362	0.03558906
ECFP_363	0.0
ECFP_364	0.004835083
ECFP_365	0.00043559266
ECFP_366	0.0035299584
ECFP_367	0.08720057
ECFP_368	0.0
ECFP_369	0.0009501038
ECFP_370	0.0013762445
ECFP_371	0.008177347
ECFP_372	0.0
ECFP_373	0.0
ECFP_374	0.002578952
ECFP_375	0.0
ECFP_376	0.0015355631
ECFP_377	0.0
ECFP_378	0.08890866
ECFP_379	0.0
ECFP_380	0.0
ECFP_381	0.060492177
ECFP_382	0.0002767493
ECFP_383	0.028891105
ECFP_384	0.0
ECFP_385	0.0016330812
ECFP_386	0.0065446915
ECFP_387	0.00021413728
ECFP_388	0.0012340018
ECFP_389	0.028450694
ECFP_390	0.0010003751
ECFP_391	0.003341812
ECFP_392	0.06624114
ECFP_393	0.039635327
ECFP_394	0.0
ECFP_395	0.0
ECFP_396	0.0
ECFP_397	0.0017126941
ECFP_398	0.0075777555
ECFP_399	0.0
ECFP_400	0.0
ECFP_401	0.00056002033
ECFP_402	0.0004599165
ECFP_403	0.0
ECFP_404	0.0
ECFP_405	0.0
ECFP_406	0.016709035
ECFP_407	0.030546192
ECFP_408	0.004412384
ECFP_409	0.0016730685
ECFP_410	0.0
ECFP_411	0.000392624
ECFP_412	0.0037344645
ECFP_413	0.0
ECFP_414	0.00818012
ECFP_415	0.0
ECFP_416	0.021017794
ECFP_417	0.00040157855
ECFP_418	0.0
ECFP_419	0.0151910605
ECFP_420	0.001059953
ECFP_421	0.0014568673
ECFP_422	0.0021651676
ECFP_423	0.0026955823
ECFP_424	0.0
ECFP_425	0.0005032545
ECFP_426	0.0
ECFP_427	0.0
ECFP_428	0.021933366
ECFP_429	0.0026365547
ECFP_430	0.0
ECFP_431	0.0
ECFP_432	0.0014498526
ECFP_433	0.01022723
ECFP_434	0.0
ECFP_435	0.00059379975
ECFP_436	0.0008468272
ECFP_437	0.0
ECFP_438	0.0
ECFP_439	0.0
ECFP_440	0.0
ECFP_441	0.0021541254
ECFP_442	0.0
ECFP_443	0.0
ECFP_444	0.0007542958
ECFP_445	0.0018421344
ECFP_446	0.0009080991
ECFP_447	0.0
ECFP_448	0.0011564197
ECFP_449	0.0
ECFP_450	0.0
ECFP_451	0.015743388
ECFP_452	0.02599456
ECFP_453	0.018487046
ECFP_454	0.0034658487
ECFP_455	0.00053891574
ECFP_456	0.0434547
ECFP_457	0.0
ECFP_458	0.017704185
ECFP_459	0.0
ECFP_460	0.0008909275
ECFP_461	0.005274485
ECFP_462	0.0
ECFP_463	0.010989916
ECFP_464	0.037692
ECFP_465	0.003157142
ECFP_466	0.0008973329
ECFP_467	0.0
ECFP_468	0.0
ECFP_469	0.0
ECFP_470	0.058694314
ECFP_471	0.0
ECFP_472	0.0
ECFP_473	0.00011237782
ECFP_474	0.0053834906
ECFP_475	0.0
ECFP_476	0.0
ECFP_477	0.0
ECFP_478	0.0
ECFP_479	0.004179014
ECFP_480	0.001008839
ECFP_481	0.00049289165
ECFP_482	0.0026219212
ECFP_483	0.00048223868
ECFP_484	0.025965681
ECFP_485	0.00028847362
ECFP_486	0.16324562
ECFP_487	0.0
ECFP_488	0.0030157103
ECFP_489	0.010557404
ECFP_490	0.00021011828
ECFP_491	0.07748406
ECFP_492	0.00954517
ECFP_493	0.004754235
ECFP_494	0.013421884
ECFP_495	0.00086724275
ECFP_496	0.0
ECFP_497	0.0
ECFP_498	0.0024874692
ECFP_499	0.0
ECFP_500	0.0014262357
ECFP_501	0.0020644208
ECFP_502	0.0131330965
ECFP_503	0.018074496
ECFP_504	0.009167981
ECFP_505	0.0
ECFP_506	0.0015017784
ECFP_507	0.0016008479
ECFP_508	0.0
ECFP_509	0.00031942013
ECFP_510	0.0
ECFP_511	0.0069556893
ECFP_512	0.0022216947
ECFP_513	0.0
ECFP_514	0.0
ECFP_515	0.0010069687
ECFP_516	0.0
ECFP_517	0.0
ECFP_518	0.0
ECFP_519	0.01316647
ECFP_520	0.0
ECFP_521	0.0
ECFP_522	0.0
ECFP_523	0.0
ECFP_524	0.0016919948
ECFP_525	0.0
ECFP_526	0.054015197
ECFP_527	0.0
ECFP_528	0.0015969068
ECFP_529	0.0031572548
ECFP_530	0.00064905925
ECFP_531	0.0005076751
ECFP_532	0.0
ECFP_533	0.008186162
ECFP_534	0.002786925
ECFP_535	0.0011528955
ECFP_536	0.0
ECFP_537	0.00045890966
ECFP_538	0.0
ECFP_539	0.0
ECFP_540	0.08860026
ECFP_541	0.0018660553
ECFP_542	0.00047182658
ECFP_543	0.0028603715
ECFP_544	0.0
ECFP_545	0.0035531695
ECFP_546	0.0053682807
ECFP_547	0.0036129088
ECFP_548	0.0014601237
ECFP_549	0.06931968
ECFP_550	0.0011013967
ECFP_551	0.0053870524
ECFP_552	0.023920823
ECFP_553	0.002982532
ECFP_554	0.0
ECFP_555	0.0011030828
ECFP_556	0.0025855354
ECFP_557	0.01885988
ECFP_558	0.0
ECFP_559	0.0014040029
ECFP_560	0.0010865696
ECFP_561	0.036136996
ECFP_562	0.0024796699
ECFP_563	0.0
ECFP_564	0.005259066
ECFP_565	0.001086704
ECFP_566	0.0
ECFP_567	0.0
ECFP_568	0.0
ECFP_569	0.00017525515
ECFP_570	0.0
ECFP_571	0.0
ECFP_572	0.0003505608
ECFP_573	0.010095636
ECFP_574	0.0
ECFP_575	0.0037997484
ECFP_576	0.0
ECFP_577	0.0058846897
ECFP_578	0.08762451
ECFP_579	0.024073113
ECFP_580	0.0029420506
ECFP_581	0.0
ECFP_582	0.0
ECFP_583	0.0040596016
ECFP_584	0.011720864
ECFP_585	0.0007461843
ECFP_586	0.0028946134
ECFP_587	0.0009766939
ECFP_588	0.030983394
ECFP_589	0.009244339
ECFP_590	0.0
ECFP_591	0.0012122929
ECFP_592	0.00061075785
ECFP_593	0.00039697305
ECFP_594	0.0006581686
ECFP_595	0.0
ECFP_596	0.0
ECFP_597	0.00042115204
ECFP_598	0.0004570838
ECFP_599	0.0
ECFP_600	0.00096578215
ECFP_601	0.0005347657
ECFP_602	0.0
ECFP_603	0.00034249874
ECFP_604	0.0
ECFP_605	0.0011586979
ECFP_606	0.0006291816
ECFP_607	0.006687487
ECFP_608	0.0
ECFP_609	0.0
ECFP_610	0.03792628
ECFP_611	0.00028337803
ECFP_612	0.0
ECFP_613	0.0009498734
ECFP_614	0.0
ECFP_615	0.0014697077
ECFP_616	0.0
ECFP_617	0.0
ECFP_618	0.0
ECFP_619	0.0017921056
ECFP_620	0.00042990418
ECFP_621	0.00096038263
ECFP_622	0.015786083
ECFP_623	0.0028223156
ECFP_624	0.0025327483
ECFP_625	0.008409263
ECFP_626	0.0
ECFP_627	0.0
ECFP_628	0.0
ECFP_629	0.00042751906
ECFP_630	0.0
ECFP_631	0.0
ECFP_632	0.00067663944
ECFP_633	0.0
ECFP_634	0.0
ECFP_635	0.0
ECFP_636	0.0010279997
ECFP_637	0.001575841
ECFP_638	0.0023650213
ECFP_639	0.0003754019
ECFP_640	0.001798188
ECFP_641	0.034898136
ECFP_642	0.0
ECFP_643	0.0
ECFP_644	0.0
ECFP_645	0.0
ECFP_646	0.006043818
ECFP_647	0.00034668323
ECFP_648	0.0
ECFP_649	0.0011020986
ECFP_650	0.11812037
ECFP_651	0.00079003145
ECFP_652	0.019401167
ECFP_653	0.00033627774
ECFP_654	0.0
ECFP_655	0.0
ECFP_656	0.10080465
ECFP_657	0.004966665
ECFP_658	0.0
ECFP_659	0.058472164
ECFP_660	0.0
ECFP_661	0.0074674576
ECFP_662	0.0020750747
ECFP_663	0.0
ECFP_664	0.0
ECFP_665	0.0044904924
ECFP_666	0.0
ECFP_667	0.054593574
ECFP_668	0.00064559805
ECFP_669	0.0011890221
ECFP_670	0.0
ECFP_671	0.0010513818
ECFP_672	0.0052127866
ECFP_673	0.016346673
ECFP_674	0.001625609
ECFP_675	0.011987146
ECFP_676	0.0005930214
ECFP_677	0.0057542827
ECFP_678	0.0
ECFP_679	0.002752828
ECFP_680	0.002909076
ECFP_681	0.0005156255
ECFP_682	0.00030625917
ECFP_683	0.0
ECFP_684	0.0041145654
ECFP_685	0.0
ECFP_686	0.0009797957
ECFP_687	0.0038112544
ECFP_688	0.0
ECFP_689	0.00045009627
ECFP_690	0.0014335727
ECFP_691	0.00097482046
ECFP_692	0.02112991
ECFP_693	0.021651182
ECFP_694	0.012773064
ECFP_695	0.026783008
ECFP_696	0.0
ECFP_697	0.00014868856
ECFP_698	0.010632182
ECFP_699	0.010437789
ECFP_700	0.0026133505
ECFP_701	0.000836398
ECFP_702	0.0
ECFP_703	0.011121519
ECFP_704	0.000419292
ECFP_705	0.0031707804
ECFP_706	0.0014409062
ECFP_707	0.017575352
ECFP_708	0.0008826645
ECFP_709	0.00609381
ECFP_710	0.0
ECFP_711	0.0
ECFP_712	0.00039084192
ECFP_713	0.013401426
ECFP_714	0.009878504
ECFP_715	0.03376709
ECFP_716	0.00059653335
ECFP_717	0.0
ECFP_718	0.044906717
ECFP_719	0.0
ECFP_720	0.0
ECFP_721	0.011838169
ECFP_722	0.0007247641
ECFP_723	0.00046623364
ECFP_724	0.0020884976
ECFP_725	0.0029612412
ECFP_726	0.16115162
ECFP_727	0.0
ECFP_728	0.0033005618
ECFP_729	0.0
ECFP_730	0.026728844
ECFP_731	0.0
ECFP_732	0.0
ECFP_733	0.0
ECFP_734	0.0
ECFP_735	0.0
ECFP_736	0.019160949
ECFP_737	0.0
ECFP_738	0.0
ECFP_739	0.017175525
ECFP_740	0.002619313
ECFP_741	0.0
ECFP_742	0.0005376993
ECFP_743	0.0002560475
ECFP_744	0.0
ECFP_745	0.018873258
ECFP_746	0.0
ECFP_747	0.0043918514
ECFP_748	0.0002953945
ECFP_749	0.0006600019
ECFP_750	0.0016106259
ECFP_751	0.0025874972
ECFP_752	0.0
ECFP_753	0.0061915964
ECFP_754	0.014275199
ECFP_755	0.0
ECFP_756	0.0
ECFP_757	0.0004723776
ECFP_758	0.00087351224
ECFP_759	0.028900743
ECFP_760	0.0
ECFP_761	0.002411712
ECFP_762	0.0
ECFP_763	0.001922054
ECFP_764	0.0
ECFP_765	0.00076523225
ECFP_766	0.0
ECFP_767	0.004325811
ECFP_768	0.0
ECFP_769	0.0036143654
ECFP_770	0.0017935627
ECFP_771	0.002351161
ECFP_772	0.00045557023
ECFP_773	0.0
ECFP_774	0.0
ECFP_775	0.0006454734
ECFP_776	0.00044563372
ECFP_777	0.00033863814
ECFP_778	0.0
ECFP_779	0.0015079897
ECFP_780	0.007930413
ECFP_781	0.0
ECFP_782	0.0013509797
ECFP_783	0.0
ECFP_784	0.0042057927
ECFP_785	0.0032494322
ECFP_786	0.0023848037
ECFP_787	0.023490846
ECFP_788	0.0
ECFP_789	0.0
ECFP_790	0.001182667
ECFP_791	0.0
ECFP_792	0.005348595
ECFP_793	0.0
ECFP_794	0.06978583
ECFP_795	0.002190405
ECFP_796	0.0
ECFP_797	0.0
ECFP_798	0.012917456
ECFP_799	0.0
ECFP_800	0.0
ECFP_801	0.009798361
ECFP_802	0.0
ECFP_803	0.0
ECFP_804	0.00032384714
ECFP_805	0.0
ECFP_806	0.016626243
ECFP_807	0.042365234
ECFP_808	0.00071095634
ECFP_809	0.0003768815
ECFP_810	0.0
ECFP_811	0.00030333648
ECFP_812	0.0
ECFP_813	0.0006265828
ECFP_814	0.0005192553
ECFP_815	0.0030908391
ECFP_816	0.019948121
ECFP_817	0.0009440257
ECFP_818	0.0
ECFP_819	0.0008640889
ECFP_820	0.007576811
ECFP_821	0.0
ECFP_822	0.0
ECFP_823	0.018636128
ECFP_824	0.0
ECFP_825	0.002622109
ECFP_826	0.0
ECFP_827	0.013188233
ECFP_828	0.0
ECFP_829	0.018924901
ECFP_830	0.003336729
ECFP_831	0.015182924
ECFP_832	0.0029251308
ECFP_833	0.0011481063
ECFP_834	0.00041346354
ECFP_835	0.0
ECFP_836	0.0
ECFP_837	0.00056297955
ECFP_838	0.0019236011
ECFP_839	0.00027775875
ECFP_840	0.0006448453
ECFP_841	0.023051215
ECFP_842	0.013755092
ECFP_843	0.02023663
ECFP_844	0.0
ECFP_845	0.019880513
ECFP_846	0.0
ECFP_847	0.0
ECFP_848	0.0
ECFP_849	0.055139273
ECFP_850	0.0
ECFP_851	0.0
ECFP_852	0.006635596
ECFP_853	0.0074723414
ECFP_854	0.0
ECFP_855	0.0022355085
ECFP_856	0.0
ECFP_857	0.0013100619
ECFP_858	0.0
ECFP_859	0.00042674746
ECFP_860	0.00095345714
ECFP_861	0.00036271045
ECFP_862	0.0
ECFP_863	0.0
ECFP_864	0.0
ECFP_865	0.00025970058
ECFP_866	0.0
ECFP_867	0.0026072364
ECFP_868	0.0
ECFP_869	0.0
ECFP_870	0.00031904108
ECFP_871	0.0
ECFP_872	0.0006148276
ECFP_873	0.0
ECFP_874	0.0
ECFP_875	0.07856321
ECFP_876	0.0
ECFP_877	0.00027525975
ECFP_878	0.013558959
ECFP_879	0.0004254471
ECFP_880	0.0
ECFP_881	0.051205326
ECFP_882	0.0007664357
ECFP_883	0.0
ECFP_884	0.0007706018
ECFP_885	0.0021701725
ECFP_886	0.0005133433
ECFP_887	0.013262346
ECFP_888	0.003115632
ECFP_889	0.0
ECFP_890	0.008739942
ECFP_891	0.012146948
ECFP_892	0.0
ECFP_893	0.1431439
ECFP_894	0.0
ECFP_895	0.0
ECFP_896	0.027886828
ECFP_897	0.0019240774
ECFP_898	0.01789139
ECFP_899	0.00053211243
ECFP_900	0.0
ECFP_901	0.0
ECFP_902	0.0
ECFP_903	0.0
ECFP_904	0.021710772
ECFP_905	0.0
ECFP_906	0.0
ECFP_907	0.0
ECFP_908	0.0003470777
ECFP_909	0.00043401736
ECFP_910	0.00033772312
ECFP_911	0.0019955232
ECFP_912	0.00756796
ECFP_913	0.027737577
ECFP_914	0.002130187
ECFP_915	0.00439447
ECFP_916	0.0
ECFP_917	0.008335622
ECFP_918	0.003525462
ECFP_919	0.001511921
ECFP_920	0.0
ECFP_921	0.0
ECFP_922	0.03958592
ECFP_923	0.07561459
ECFP_924	0.0
ECFP_925	0.0
ECFP_926	0.20531256
ECFP_927	0.032520346
ECFP_928	0.00025442865
ECFP_929	0.00031679188
ECFP_930	0.0
ECFP_931	0.0030378061
ECFP_932	0.011873389
ECFP_933	0.0018738726
ECFP_934	0.0
ECFP_935	0.048688114
ECFP_936	0.0012850701
ECFP_937	0.0021474517
ECFP_938	0.00034179678
ECFP_939	0.00034347066
ECFP_940	0.0036189076
ECFP_941	0.004161459
ECFP_942	0.00034060088
ECFP_943	0.0
ECFP_944	0.0009103927
ECFP_945	0.0
ECFP_946	0.012358485
ECFP_947	0.0033642768
ECFP_948	0.00039069535
ECFP_949	0.0065210676
ECFP_950	0.0
ECFP_951	0.0016272247
ECFP_952	0.0
ECFP_953	0.001047508
ECFP_954	0.00039574737
ECFP_955	0.0026934014
ECFP_956	0.015420841
ECFP_957	0.0004098298
ECFP_958	0.0
ECFP_959	0.0
ECFP_960	0.008333905
ECFP_961	0.00047821767
ECFP_962	0.0
ECFP_963	0.0
ECFP_964	0.0
ECFP_965	0.0
ECFP_966	0.0057890294
ECFP_967	0.019853339
ECFP_968	0.0
ECFP_969	0.0010646386
ECFP_970	0.0019804658
ECFP_971	0.0013147069
ECFP_972	0.0
ECFP_973	0.0021057487
ECFP_974	0.013731731
ECFP_975	0.0026014764
ECFP_976	0.0016814495
ECFP_977	0.0
ECFP_978	0.004243515
ECFP_979	0.014562614
ECFP_980	0.00038496513
ECFP_981	0.05476121
ECFP_982	0.0
ECFP_983	0.0
ECFP_984	0.0033631544
ECFP_985	0.0
ECFP_986	0.001403282
ECFP_987	0.0
ECFP_988	0.0010604647
ECFP_989	0.0020182705
ECFP_990	0.0
ECFP_991	0.0
ECFP_992	0.003896319
ECFP_993	0.048613526
ECFP_994	0.008248685
ECFP_995	0.0
ECFP_996	0.0007627878
ECFP_997	0.0
ECFP_998	0.0054968586
ECFP_999	0.00029842296
ECFP_1000	0.0
ECFP_1001	0.0
ECFP_1002	0.0
ECFP_1003	0.00047346335
ECFP_1004	0.006457393
ECFP_1005	0.0
ECFP_1006	0.0002499192
ECFP_1007	0.0
ECFP_1008	0.00055773125
ECFP_1009	0.0
ECFP_1010	0.0013928298
ECFP_1011	0.0
ECFP_1012	0.0050954563
ECFP_1013	0.0
ECFP_1014	0.0
ECFP_1015	0.0
ECFP_1016	0.00038068029
ECFP_1017	0.023171261
ECFP_1018	0.0003940608
ECFP_1019	0.037717752
ECFP_1020	0.0
ECFP_1021	0.0
ECFP_1022	0.0
ECFP_1023	0.0
