Feature	MeanAbsSHAP	model
ECFP_80	0.24313244	XGB
ECFP_356	0.22116604	XGB
ECFP_926	0.20841229	XGB
ECFP_80	0.1557530898865979	LogReg
ECFP_726	0.15550031	XGB
ECFP_486	0.1515799	XGB
ECFP_893	0.1442678	XGB
ECFP_1	0.12765446	XGB
ECFP_926	0.1269225873010815	LogReg
ECFP_726	0.1217984481129285	LogReg
ECFP_284	0.11833648	XGB
ECFP_650	0.1123306	XGB
ECFP_1	0.1046797960613532	LogReg
ECFP_237	0.102089	XGB
ECFP_893	0.0998452968113716	LogReg
ECFP_378	0.09705569	XGB
ECFP_656	0.09232141	XGB
ECFP_314	0.0884606864783232	LogReg
ECFP_367	0.08785285	XGB
ECFP_119	0.085739344	XGB
ECFP_540	0.0834627	XGB
ECFP_656	0.081876418687039	LogReg
ECFP_578	0.081842184	XGB
ECFP_356	0.0805670563746454	LogReg
ECFP_486	0.0804132339851737	LogReg
ECFP_875	0.079157084	XGB
ECFP_491	0.078670576	XGB
ECFP_378	0.0754448905084799	LogReg
ECFP_128	0.074000195	XGB
ECFP_849	0.0727824735075404	LogReg
ECFP_875	0.0722997886434209	LogReg
ECFP_381	0.07018517	XGB
ECFP_849	0.0695357	XGB
ECFP_392	0.067985706	XGB
ECFP_33	0.0675493545824779	LogReg
ECFP_227	0.06706813	XGB
ECFP_549	0.06647778	XGB
ECFP_41	0.066308305	XGB
ECFP_207	0.06577994	XGB
ECFP_923	0.06563737	XGB
ECFP_64	0.0642841	XGB
ECFP_794	0.064218655	XGB
ECFP_650	0.0626880644987026	LogReg
ECFP_341	0.06202682	XGB
ECFP_667	0.05987666	XGB
ECFP_314	0.058986258	XGB
ECFP_470	0.0579705	XGB
ECFP_456	0.0560277396228983	LogReg
ECFP_325	0.055389173	XGB
ECFP_294	0.0545440813060277	LogReg
ECFP_578	0.0534120259626408	LogReg
ECFP_935	0.0521203	XGB
ECFP_526	0.05202826	XGB
ECFP_935	0.0514943657079565	LogReg
ECFP_993	0.051366568	XGB
ECFP_981	0.051290236	XGB
ECFP_128	0.0496591845604532	LogReg
ECFP_807	0.0493707811026411	LogReg
ECFP_90	0.049294543	XGB
ECFP_64	0.0489988516117923	LogReg
ECFP_341	0.0478172876783575	LogReg
ECFP_147	0.0477329973357402	LogReg
ECFP_222	0.0468091552938053	LogReg
ECFP_464	0.046628337	XGB
ECFP_881	0.0461072991762629	LogReg
ECFP_1019	0.045752607	XGB
ECFP_922	0.04443606	XGB
ECFP_981	0.0438985565311157	LogReg
ECFP_294	0.04376831	XGB
ECFP_659	0.043514375	XGB
ECFP_923	0.0432247524109068	LogReg
ECFP_718	0.043201163	XGB
ECFP_140	0.043103073	XGB
ECFP_227	0.0430580403213426	LogReg
ECFP_881	0.04292507	XGB
ECFP_428	0.0426530266797128	LogReg
ECFP_540	0.0424550608449149	LogReg
ECFP_284	0.042111127980031	LogReg
ECFP_659	0.0412099171214455	LogReg
ECFP_667	0.0410265406172261	LogReg
ECFP_561	0.04052032	XGB
ECFP_392	0.0395461371181561	LogReg
ECFP_456	0.038776096	XGB
ECFP_119	0.0386147794299433	LogReg
ECFP_222	0.038215302	XGB
ECFP_610	0.03792707	XGB
ECFP_367	0.0379181961388169	LogReg
ECFP_393	0.037841707	XGB
ECFP_147	0.037373036	XGB
ECFP_1019	0.0371775650285408	LogReg
ECFP_237	0.0371263197733257	LogReg
ECFP_794	0.0366419264921846	LogReg
ECFP_807	0.036045402	XGB
ECFP_407	0.035707798	XGB
ECFP_41	0.0355892817036876	LogReg
ECFP_730	0.0350021129625315	LogReg
ECFP_718	0.0344484971933625	LogReg
ECFP_325	0.0339561977537937	LogReg
ECFP_362	0.033336584	XGB
ECFP_140	0.0333109554128055	LogReg
ECFP_715	0.03300504	XGB
ECFP_695	0.03242485	XGB
ECFP_295	0.032223184	XGB
ECFP_549	0.032075363391386	LogReg
ECFP_896	0.032037087	XGB
ECFP_927	0.0317606448528021	LogReg
ECFP_927	0.03168934	XGB
ECFP_452	0.031142894	XGB
ECFP_383	0.030496726	XGB
ECFP_641	0.03023474	XGB
ECFP_641	0.0297378279771679	LogReg
ECFP_121	0.029732939	XGB
ECFP_175	0.0295155217296999	LogReg
ECFP_588	0.029361835	XGB
ECFP_695	0.028796121147567	LogReg
ECFP_333	0.028567825	XGB
ECFP_993	0.0284328893249332	LogReg
ECFP_393	0.0282915055750644	LogReg
ECFP_896	0.0281565229072569	LogReg
ECFP_736	0.027792982401584	LogReg
ECFP_121	0.0275988453733426	LogReg
ECFP_7	0.027099973	XGB
ECFP_913	0.026976828	XGB
ECFP_759	0.026726592	XGB
ECFP_967	0.0263509301720609	LogReg
ECFP_561	0.0262881841228638	LogReg
ECFP_829	0.026144806	XGB
ECFP_829	0.025866442825581	LogReg
ECFP_333	0.0257678194347025	LogReg
ECFP_36	0.0257397151799588	LogReg
ECFP_139	0.025728349	XGB
ECFP_207	0.0256586940117391	LogReg
ECFP_219	0.025397604	XGB
ECFP_136	0.025166562	XGB
ECFP_90	0.0249887355728464	LogReg
ECFP_470	0.0249139670439834	LogReg
ECFP_787	0.024701355	XGB
ECFP_552	0.024665758	XGB
ECFP_10	0.0243125276318243	LogReg
ECFP_491	0.0241671103263617	LogReg
ECFP_361	0.0240799681702472	LogReg
ECFP_136	0.0239333406809626	LogReg
ECFP_730	0.023861183	XGB
ECFP_484	0.023712482	XGB
ECFP_1017	0.0235243419341578	LogReg
ECFP_579	0.02343421	XGB
ECFP_610	0.0233400135937961	LogReg
ECFP_736	0.02326889	XGB
ECFP_692	0.023262495	XGB
ECFP_362	0.0232383187075416	LogReg
ECFP_673	0.023056451	XGB
ECFP_452	0.0230423858384604	LogReg
ECFP_250	0.0230350956554649	LogReg
ECFP_831	0.0227504732657643	LogReg
ECFP_904	0.022519628	XGB
ECFP_652	0.022392323	XGB
ECFP_622	0.022302744033564	LogReg
ECFP_428	0.022301685	XGB
ECFP_297	0.02222846	XGB
ECFP_14	0.02221351	XGB
ECFP_1017	0.022024682	XGB
ECFP_806	0.021848653	XGB
ECFP_250	0.02183198	XGB
ECFP_381	0.0216571132815409	LogReg
ECFP_197	0.021571595	XGB
ECFP_416	0.0214119660186925	LogReg
ECFP_979	0.021387445	XGB
ECFP_458	0.0210830647807729	LogReg
ECFP_389	0.021000389	XGB
ECFP_845	0.020879392	XGB
ECFP_693	0.020829245	XGB
ECFP_816	0.0207156030903801	LogReg
ECFP_288	0.020703314	XGB
ECFP_823	0.020383101	XGB
ECFP_913	0.0203796362299513	LogReg
ECFP_389	0.0202775758405716	LogReg
ECFP_673	0.0202756173861455	LogReg
ECFP_154	0.020157281	XGB
ECFP_922	0.0199310809628288	LogReg
ECFP_503	0.01992854	XGB
ECFP_219	0.0198201225738629	LogReg
ECFP_283	0.019762922	XGB
ECFP_193	0.0196330559232157	LogReg
ECFP_288	0.0195799941365356	LogReg
ECFP_698	0.0194294108886388	LogReg
ECFP_823	0.0192851036493403	LogReg
ECFP_283	0.0190187534920849	LogReg
ECFP_816	0.018971005	XGB
ECFP_138	0.018969113	XGB
ECFP_841	0.018671613	XGB
ECFP_416	0.018505363	XGB
ECFP_745	0.01840816	XGB
ECFP_843	0.018403571	XGB
ECFP_407	0.0182613098449747	LogReg
ECFP_361	0.018234128	XGB
ECFP_579	0.0181181756153329	LogReg
ECFP_464	0.0180024237230029	LogReg
ECFP_138	0.0179323825922867	LogReg
ECFP_14	0.0178444760929046	LogReg
ECFP_493	0.0178386604346694	LogReg
ECFP_453	0.0177833743043878	LogReg
ECFP_519	0.017729998	XGB
ECFP_806	0.0176955241436634	LogReg
ECFP_745	0.0175093421236041	LogReg
ECFP_831	0.017443273	XGB
ECFP_552	0.017442615844936	LogReg
ECFP_759	0.0174191711797799	LogReg
ECFP_675	0.0172379963457143	LogReg
ECFP_503	0.0170352579997118	LogReg
ECFP_739	0.016988346	XGB
ECFP_179	0.0169694930206951	LogReg
ECFP_557	0.016883533	XGB
ECFP_622	0.01685893	XGB
ECFP_589	0.0168174994891148	LogReg
ECFP_1004	0.0167381509068822	LogReg
ECFP_946	0.0167290707548336	LogReg
ECFP_713	0.016701212	XGB
ECFP_268	0.0166415710553424	LogReg
ECFP_887	0.0165979719392559	LogReg
ECFP_5	0.0165976746458441	LogReg
ECFP_32	0.0164520702202095	LogReg
ECFP_79	0.0163635688920006	LogReg
ECFP_117	0.0163606777992873	LogReg
ECFP_754	0.016309174	XGB
ECFP_11	0.016268207067707	LogReg
ECFP_295	0.0162590356665005	LogReg
ECFP_175	0.016179904	XGB
ECFP_694	0.0161474499262593	LogReg
ECFP_526	0.0161321616394438	LogReg
ECFP_798	0.01596842	XGB
ECFP_451	0.0159187541044372	LogReg
ECFP_898	0.015874922	XGB
ECFP_311	0.015828913029006	LogReg
ECFP_754	0.0157274612030356	LogReg
ECFP_12	0.01569966	XGB
ECFP_665	0.0156714792313428	LogReg
ECFP_406	0.0156673187965644	LogReg
ECFP_739	0.015656858310637	LogReg
ECFP_557	0.0156113810054273	LogReg
ECFP_492	0.0153470537110783	LogReg
ECFP_842	0.015335354	XGB
ECFP_489	0.0152904927865167	LogReg
ECFP_721	0.01526471	XGB
ECFP_79	0.015259802	XGB
ECFP_887	0.015206886	XGB
ECFP_343	0.015205388042002	LogReg
ECFP_255	0.015167773	XGB
ECFP_197	0.0151627821844948	LogReg
ECFP_787	0.0151230764565809	LogReg
ECFP_419	0.015092587	XGB
ECFP_398	0.0150683664226257	LogReg
ECFP_451	0.015068026	XGB
ECFP_917	0.0150612413744592	LogReg
ECFP_584	0.0149448365	XGB
ECFP_956	0.0148583262748434	LogReg
ECFP_798	0.0148180049260404	LogReg
ECFP_453	0.014778313	XGB
ECFP_708	0.0147539641740095	LogReg
ECFP_967	0.014680052	XGB
ECFP_102	0.0146160740201715	LogReg
ECFP_12	0.0145603727721042	LogReg
ECFP_918	0.014546910942644	LogReg
ECFP_904	0.0145084119118884	LogReg
ECFP_979	0.0144898159319796	LogReg
ECFP_263	0.0144569611994184	LogReg
ECFP_301	0.014071216	XGB
ECFP_932	0.0140559112859425	LogReg
ECFP_484	0.0140364240212538	LogReg
ECFP_801	0.0140261862801896	LogReg
ECFP_34	0.014014569	XGB
ECFP_843	0.0139451791627316	LogReg
ECFP_214	0.0139227588050645	LogReg
ECFP_179	0.013920216	XGB
ECFP_131	0.0139013948717512	LogReg
ECFP_575	0.0138946530981427	LogReg
ECFP_932	0.0138872415	XGB
ECFP_139	0.01381559189178	LogReg
ECFP_891	0.013799745	XGB
ECFP_584	0.0137234834528258	LogReg
ECFP_268	0.013681379	XGB
ECFP_398	0.013636756	XGB
ECFP_533	0.0135894118214011	LogReg
ECFP_355	0.0134865607689746	LogReg
ECFP_297	0.0134129425057725	LogReg
ECFP_713	0.0133149912061342	LogReg
ECFP_458	0.01324155	XGB
ECFP_956	0.013182813	XGB
ECFP_707	0.013154378	XGB
ECFP_845	0.0131320631889672	LogReg
ECFP_721	0.0131192567605272	LogReg
ECFP_342	0.0130484862601255	LogReg
ECFP_77	0.013037192	XGB
ECFP_350	0.0130349738838457	LogReg
ECFP_266	0.0130070586944706	LogReg
ECFP_703	0.0129976500853828	LogReg
ECFP_684	0.0129848473341947	LogReg
ECFP_767	0.0129758989924386	LogReg
ECFP_11	0.012878858	XGB
ECFP_693	0.0128060359992864	LogReg
ECFP_946	0.012801905	XGB
ECFP_171	0.0127702015125481	LogReg
ECFP_463	0.0127590920082463	LogReg
ECFP_71	0.0127245965762294	LogReg
ECFP_216	0.0126331823613563	LogReg
ECFP_144	0.0126098789927672	LogReg
ECFP_301	0.012516039791765	LogReg
ECFP_109	0.0125066382664462	LogReg
ECFP_492	0.012494249	XGB
ECFP_785	0.0124792206594128	LogReg
ECFP_322	0.012477589	XGB
ECFP_151	0.0124416350219176	LogReg
ECFP_46	0.0124189793097912	LogReg
ECFP_694	0.012406663	XGB
ECFP_383	0.0123578352058759	LogReg
ECFP_699	0.0121928435	XGB
ECFP_47	0.0121638331618439	LogReg
ECFP_105	0.0120232650942673	LogReg
ECFP_827	0.011925371	XGB
ECFP_680	0.0119063693412666	LogReg
ECFP_406	0.01189982	XGB
ECFP_857	0.0118924266838763	LogReg
ECFP_36	0.011829891	XGB
ECFP_551	0.0118258841020287	LogReg
ECFP_852	0.0117998935945641	LogReg
ECFP_502	0.0117838485	XGB
ECFP_231	0.0117748418851139	LogReg
ECFP_10	0.011737525	XGB
ECFP_193	0.011700818	XGB
ECFP_675	0.01166622	XGB
ECFP_489	0.011634978	XGB
ECFP_652	0.0116204313393622	LogReg
ECFP_225	0.0116176089178426	LogReg
ECFP_336	0.0116054637574565	LogReg
ECFP_202	0.0115975305747236	LogReg
ECFP_588	0.0115608121120141	LogReg
ECFP_216	0.011555149	XGB
ECFP_322	0.0115111723648324	LogReg
ECFP_356	0.0114250039614239	RF
ECFP_494	0.011370617	XGB
ECFP_707	0.0113505647645157	LogReg
ECFP_355	0.011326082	XGB
ECFP_546	0.011156859443761	LogReg
ECFP_4	0.0111370920162788	LogReg
ECFP_298	0.011038563881255	LogReg
ECFP_573	0.01101686	XGB
ECFP_110	0.011002503	XGB
ECFP_34	0.0109818242502355	LogReg
ECFP_342	0.010936806	XGB
ECFP_494	0.0108445001684283	LogReg
ECFP_184	0.0108391385292444	LogReg
ECFP_71	0.010792723	XGB
ECFP_669	0.0107836191097777	LogReg
ECFP_4	0.010778414	XGB
ECFP_255	0.0107781019758281	LogReg
ECFP_86	0.0107530054675553	LogReg
ECFP_692	0.0107436307577966	LogReg
ECFP_533	0.010624181	XGB
ECFP_998	0.0106061062638233	LogReg
ECFP_78	0.0105539208450201	LogReg
ECFP_884	0.0105530939299757	LogReg
ECFP_267	0.0105490006702599	LogReg
ECFP_534	0.0105231741276353	LogReg
ECFP_435	0.0105167526227182	LogReg
ECFP_583	0.0105059742186989	LogReg
ECFP_42	0.010498992917694	LogReg
ECFP_589	0.0104294885	XGB
ECFP_465	0.010425335636362	LogReg
ECFP_747	0.010405992365519	LogReg
ECFP_266	0.010404208	XGB
ECFP_705	0.0103920652042296	LogReg
ECFP_114	0.010390092	XGB
ECFP_573	0.0103568412938637	LogReg
ECFP_825	0.010346107077648	LogReg
ECFP_827	0.0103323806217526	LogReg
ECFP_7	0.0103081499903748	LogReg
ECFP_912	0.0102480617479023	LogReg
ECFP_256	0.0102434252808221	LogReg
ECFP_460	0.0102281997465298	LogReg
ECFP_715	0.0102086678566385	LogReg
ECFP_837	0.0101846724704176	LogReg
ECFP_49	0.010118142	XGB
ECFP_33	0.010075251	XGB
ECFP_703	0.01006064	XGB
ECFP_345	0.0100331329719923	LogReg
ECFP_989	0.0100075477845248	LogReg
ECFP_191	0.009974079	XGB
ECFP_638	0.00993987883476	LogReg
ECFP_974	0.009923317	XGB
ECFP_714	0.0098664066411596	LogReg
ECFP_360	0.0098114352460664	LogReg
ECFP_77	0.0097722422116477	LogReg
ECFP_352	0.00973721	XGB
ECFP_263	0.009712577	XGB
ECFP_801	0.009697008	XGB
ECFP_917	0.009696772	XGB
ECFP_974	0.0096767477588901	LogReg
ECFP_433	0.0096103445366128	LogReg
ECFP_105	0.009528738	XGB
ECFP_417	0.0095047302613931	LogReg
ECFP_154	0.0094999000037326	LogReg
ECFP_592	0.0094645288932788	LogReg
ECFP_878	0.009436835	XGB
ECFP_842	0.0094329464055239	LogReg
ECFP_357	0.0094064502785463	LogReg
ECFP_114	0.0094014195278226	LogReg
ECFP_474	0.009382157747141	LogReg
ECFP_221	0.0093806379380263	LogReg
ECFP_192	0.0093472409152894	LogReg
ECFP_661	0.009343216	XGB
ECFP_463	0.009306445	XGB
ECFP_49	0.0092647129474777	LogReg
ECFP_210	0.0092194895075001	LogReg
ECFP_354	0.0091768931657587	LogReg
ECFP_841	0.0091726401549893	LogReg
ECFP_419	0.0091548984784555	LogReg
ECFP_420	0.009130553740492	LogReg
ECFP_728	0.0091290966326667	LogReg
ECFP_151	0.009111064	XGB
ECFP_47	0.009033035	XGB
ECFP_202	0.009026012	XGB
ECFP_212	0.009026008	XGB
ECFP_898	0.0090072984167753	LogReg
ECFP_100	0.0089827630466017	LogReg
ECFP_992	0.0089651154331502	LogReg
ECFP_855	0.0089572165529652	LogReg
ECFP_891	0.0089141328556645	LogReg
ECFP_336	0.008893611	XGB
ECFP_414	0.0088757035245594	LogReg
ECFP_698	0.008866616	XGB
ECFP_949	0.0088347317267002	LogReg
ECFP_1012	0.008808023925965	LogReg
ECFP_106	0.0088035331860566	LogReg
ECFP_225	0.00878081	XGB
ECFP_625	0.0087696295911562	LogReg
ECFP_67	0.0087540930091879	LogReg
ECFP_26	0.0087483744459286	LogReg
ECFP_23	0.0086921585804455	LogReg
ECFP_780	0.0086003193640038	LogReg
ECFP_13	0.0085600192675838	LogReg
ECFP_350	0.008544179	XGB
ECFP_751	0.0084980612371455	LogReg
ECFP_275	0.0084660390501993	LogReg
ECFP_376	0.0083987112640156	LogReg
ECFP_212	0.0083955127871518	LogReg
ECFP_75	0.008385538391874	LogReg
ECFP_607	0.0083683069260941	LogReg
ECFP_867	0.0083656542750148	LogReg
ECFP_9	0.0083560260961908	LogReg
ECFP_976	0.0083422025954711	LogReg
ECFP_621	0.0083150397766092	LogReg
ECFP_311	0.008302113	XGB
ECFP_504	0.008295702	XGB
ECFP_725	0.0082551397600805	LogReg
ECFP_32	0.008226824	XGB
ECFP_371	0.008219561	XGB
ECFP_577	0.0081925925877178	LogReg
ECFP_0	0.0081506245538801	LogReg
ECFP_912	0.00815	XGB
ECFP_606	0.0081280637324159	LogReg
ECFP_978	0.0081136849968915	LogReg
ECFP_820	0.0080689285	XGB
ECFP_386	0.0080306804116847	LogReg
ECFP_23	0.007997161	XGB
ECFP_753	0.007990016	XGB
ECFP_231	0.007979278	XGB
ECFP_289	0.0079637719951217	LogReg
ECFP_657	0.0079523537611833	LogReg
ECFP_966	0.007941106295841	LogReg
ECFP_152	0.0079327528095092	LogReg
ECFP_784	0.0079220002774353	LogReg
ECFP_84	0.007908484	XGB
ECFP_302	0.0079049556962964	LogReg
ECFP_220	0.0078945458750608	LogReg
ECFP_747	0.007812447	XGB
ECFP_562	0.0078037256247584	LogReg
ECFP_820	0.0077949921310485	LogReg
ECFP_246	0.0077503642854951	LogReg
ECFP_502	0.0077329695914493	LogReg
ECFP_586	0.0077252159116137	LogReg
ECFP_714	0.0077249096	XGB
ECFP_560	0.0077220257213888	LogReg
ECFP_853	0.0077097313	XGB
ECFP_188	0.0077088446206067	LogReg
ECFP_414	0.0077082543	XGB
ECFP_726	0.0077049713675992	RF
ECFP_307	0.0076905591475017	LogReg
ECFP_947	0.0076474801424371	LogReg
ECFP_890	0.0076408773	XGB
ECFP_352	0.007615626302154	LogReg
ECFP_184	0.0075691314	XGB
ECFP_849	0.0075630973526436	RF
ECFP_646	0.0075261653	XGB
ECFP_853	0.0075090772549157	LogReg
ECFP_699	0.007434290667245	LogReg
ECFP_555	0.0074279009569471	LogReg
ECFP_253	0.007341360231158	LogReg
ECFP_769	0.007339287694753	LogReg
ECFP_519	0.0073314385090809	LogReg
ECFP_792	0.0073217503	XGB
ECFP_482	0.0072786532396044	LogReg
ECFP_92	0.0072669954385672	LogReg
ECFP_543	0.0072664203256297	LogReg
ECFP_200	0.007247238095757	LogReg
ECFP_365	0.0072042321694716	LogReg
ECFP_852	0.007195069	XGB
ECFP_324	0.0071869581681974	LogReg
ECFP_100	0.0071795434	XGB
ECFP_349	0.007153653612747	LogReg
ECFP_832	0.0071515068694774	LogReg
ECFP_226	0.0071369412232764	LogReg
ECFP_37	0.0071125744255642	LogReg
ECFP_978	0.007111644	XGB
ECFP_80	0.0071113339715193	RF
ECFP_770	0.0071090734228923	LogReg
ECFP_118	0.0070540349190171	LogReg
ECFP_878	0.0070123578582136	LogReg
ECFP_110	0.0069983281705388	LogReg
ECFP_500	0.0069716719768389	LogReg
ECFP_646	0.006945384761566	LogReg
ECFP_1012	0.006934397	XGB
ECFP_318	0.0069168823357813	LogReg
ECFP_691	0.0069032191514871	LogReg
ECFP_118	0.0068800286	XGB
ECFP_454	0.0068736744667239	LogReg
ECFP_42	0.0068691066	XGB
ECFP_941	0.0068673642135295	LogReg
ECFP_15	0.006825191477864	LogReg
ECFP_761	0.0068249719508466	LogReg
ECFP_607	0.0068232506	XGB
ECFP_944	0.0068098463189657	LogReg
ECFP_189	0.0067587566822535	LogReg
ECFP_345	0.0067542857	XGB
ECFP_661	0.0067398911343754	LogReg
ECFP_249	0.0066998950009577	LogReg
ECFP_274	0.00669633	XGB
ECFP_442	0.0066949517876187	LogReg
ECFP_731	0.0066853068831223	LogReg
ECFP_191	0.0066719285868262	LogReg
ECFP_949	0.006670177	XGB
ECFP_439	0.0066694649825122	LogReg
ECFP_267	0.0066648745	XGB
ECFP_409	0.0066631767971474	LogReg
ECFP_994	0.006649776	XGB
ECFP_792	0.0066424807376423	LogReg
ECFP_131	0.006636119	XGB
ECFP_1006	0.0065988909804653	LogReg
ECFP_310	0.0065920391837845	LogReg
ECFP_173	0.006586337028767	LogReg
ECFP_553	0.0065644087780312	LogReg
ECFP_548	0.0065121820834877	LogReg
ECFP_600	0.006493690891894	LogReg
ECFP_833	0.0064785991636724	LogReg
ECFP_767	0.006454496	XGB
ECFP_583	0.006432162	XGB
ECFP_141	0.0064291005820912	LogReg
ECFP_256	0.006422656	XGB
ECFP_106	0.006412252	XGB
ECFP_665	0.006375297	XGB
ECFP_971	0.0063354451962131	LogReg
ECFP_915	0.0063336593093104	LogReg
ECFP_454	0.006332045	XGB
ECFP_65	0.0063314413527534	LogReg
ECFP_575	0.0063053495	XGB
ECFP_564	0.0063008415152359	LogReg
ECFP_433	0.006297844	XGB
ECFP_152	0.006281838	XGB
ECFP_587	0.0062708928246134	LogReg
ECFP_274	0.0062556601629777	LogReg
ECFP_994	0.0062281269143937	LogReg
ECFP_550	0.0062216195552149	LogReg
ECFP_233	0.0062179820623725	LogReg
ECFP_479	0.0062152115558186	LogReg
ECFP_5	0.00619471	XGB
ECFP_236	0.0061925712759809	LogReg
ECFP_364	0.0061712012791682	LogReg
ECFP_474	0.00610899	XGB
ECFP_412	0.0061034575904786	LogReg
ECFP_204	0.0061019700622141	LogReg
ECFP_378	0.0060889897282805	RF
ECFP_384	0.0060817124330642	LogReg
ECFP_1	0.0060812422636054	RF
ECFP_975	0.0060510963110619	LogReg
ECFP_397	0.0060500892128947	LogReg
ECFP_385	0.0060500135573592	LogReg
ECFP_461	0.0060478362947368	LogReg
ECFP_141	0.006038906	XGB
ECFP_192	0.0060388604	XGB
ECFP_580	0.0060365847788348	LogReg
ECFP_1004	0.0060155457	XGB
ECFP_84	0.0060097588587201	LogReg
ECFP_511	0.006006838	XGB
ECFP_700	0.0059897823806567	LogReg
ECFP_763	0.0059707097828842	LogReg
ECFP_594	0.0059698394801225	LogReg
ECFP_919	0.0059523104589556	LogReg
ECFP_786	0.0059227516602922	LogReg
ECFP_13	0.005889084	XGB
ECFP_559	0.0058827669549701	LogReg
ECFP_740	0.0058678784450858	LogReg
ECFP_986	0.0058627734556612	LogReg
ECFP_545	0.0058575613721409	LogReg
ECFP_619	0.0058566307544138	LogReg
ECFP_185	0.0058563540356564	LogReg
ECFP_874	0.0058258716147296	LogReg
ECFP_920	0.0058035291309195	LogReg
ECFP_859	0.0057754185598346	LogReg
ECFP_711	0.0057731030746774	LogReg
ECFP_304	0.0057597479565482	LogReg
ECFP_894	0.0057551865576717	LogReg
ECFP_749	0.0057478324615614	LogReg
ECFP_795	0.0057422646922633	LogReg
ECFP_624	0.0057374863339428	LogReg
ECFP_933	0.0057352363549537	LogReg
ECFP_684	0.0057313335	XGB
ECFP_376	0.005701722	XGB
ECFP_625	0.005694165	XGB
ECFP_133	0.0056751749404149	LogReg
ECFP_386	0.0056707663	XGB
ECFP_117	0.0056600505	XGB
ECFP_535	0.0056506736136482	LogReg
ECFP_909	0.0056431938470208	LogReg
ECFP_834	0.0056393133303653	LogReg
ECFP_171	0.0056234794	XGB
ECFP_672	0.005601264661679	LogReg
ECFP_687	0.0055985164612793	LogReg
ECFP_875	0.0055949322491935	RF
ECFP_203	0.0055813254	XGB
ECFP_37	0.00558127	XGB
ECFP_973	0.0055741760802239	LogReg
ECFP_960	0.0055710201510255	LogReg
ECFP_532	0.0055578160674089	LogReg
ECFP_738	0.0055475586536697	LogReg
ECFP_15	0.005539319	XGB
ECFP_91	0.0055332946820405	LogReg
ECFP_619	0.0055118403	XGB
ECFP_511	0.0055038011167462	LogReg
ECFP_359	0.0054947838802161	LogReg
ECFP_271	0.0054817692431617	LogReg
ECFP_940	0.0054596084425132	LogReg
ECFP_203	0.0054586682776195	LogReg
ECFP_109	0.005439971	XGB
ECFP_327	0.0054384943427898	LogReg
ECFP_422	0.0054295762566643	LogReg
ECFP_53	0.0054242508680359	LogReg
ECFP_861	0.0054233289930023	LogReg
ECFP_581	0.0054211533006293	LogReg
ECFP_201	0.0054197254782362	LogReg
ECFP_143	0.0054024780277327	LogReg
ECFP_52	0.0053822864702343	LogReg
ECFP_58	0.0053654723751354	LogReg
ECFP_421	0.0053609444897119	LogReg
ECFP_905	0.0053430260332033	LogReg
ECFP_450	0.0053366373034283	LogReg
ECFP_709	0.0053339767572338	LogReg
ECFP_130	0.005328151	XGB
ECFP_97	0.0052969554	XGB
ECFP_890	0.0052924553657572	LogReg
ECFP_444	0.0052908597586697	LogReg
ECFP_144	0.00528432	XGB
ECFP_541	0.0052539434640351	LogReg
ECFP_970	0.0052416847306178	LogReg
ECFP_394	0.0052327377579782	LogReg
ECFP_701	0.0052292847038994	LogReg
ECFP_270	0.005215429122745	LogReg
ECFP_493	0.005212134	XGB
ECFP_308	0.0051899817852176	LogReg
ECFP_911	0.0051778998782233	LogReg
ECFP_208	0.00516392913116	LogReg
ECFP_285	0.0051498387219253	LogReg
ECFP_882	0.0051485360761907	LogReg
ECFP_709	0.0051034256	XGB
ECFP_915	0.005086503	XGB
ECFP_281	0.0050859974449824	LogReg
ECFP_123	0.0050789790762167	LogReg
ECFP_984	0.0050758919821733	LogReg
ECFP_546	0.005062127	XGB
ECFP_55	0.0050577063300761	LogReg
ECFP_509	0.0050574652454428	LogReg
ECFP_758	0.0050305109529641	LogReg
ECFP_18	0.0050270664278892	LogReg
ECFP_947	0.004994672	XGB
ECFP_524	0.0049941296161615	LogReg
ECFP_73	0.0049896033823957	LogReg
ECFP_1010	0.0049796306116529	LogReg
ECFP_647	0.0049768316346486	LogReg
ECFP_135	0.0049421041329124	LogReg
ECFP_689	0.0049332011702752	LogReg
ECFP_495	0.0049177962056322	LogReg
ECFP_672	0.0048842253	XGB
ECFP_233	0.0048801797	XGB
ECFP_753	0.004875006917277	LogReg
ECFP_2	0.0048654323738567	LogReg
ECFP_889	0.0048563579291573	LogReg
ECFP_63	0.0048530873266706	LogReg
ECFP_165	0.0048508528542798	LogReg
ECFP_997	0.0048472882793302	LogReg
ECFP_785	0.0048471987	XGB
ECFP_67	0.004846857	XGB
ECFP_116	0.0048466928427602	LogReg
ECFP_954	0.0048448719558079	LogReg
ECFP_448	0.0048240204405276	LogReg
ECFP_961	0.0048218353712072	LogReg
ECFP_1011	0.0047887167823075	LogReg
ECFP_780	0.004786025	XGB
ECFP_8	0.0047853601838617	LogReg
ECFP_650	0.0047852565436074	RF
ECFP_187	0.0047849415603419	LogReg
ECFP_830	0.0047834055983298	LogReg
ECFP_545	0.0047831293	XGB
ECFP_914	0.0047457974339306	LogReg
ECFP_966	0.0047383616	XGB
ECFP_371	0.0047307756077613	LogReg
ECFP_639	0.004723863913478	LogReg
ECFP_955	0.0047216429030526	LogReg
ECFP_996	0.0047203262611931	LogReg
ECFP_936	0.0046972014964327	LogReg
ECFP_590	0.004663220601927	LogReg
ECFP_0	0.0046480997	XGB
ECFP_174	0.0046308075131571	LogReg
ECFP_214	0.0046253344	XGB
ECFP_182	0.004569444543851	LogReg
ECFP_748	0.0045623859316914	LogReg
ECFP_422	0.0045431354	XGB
ECFP_316	0.0045405130479265	LogReg
ECFP_720	0.0045295878257168	LogReg
ECFP_727	0.0045159597400455	LogReg
ECFP_537	0.0044968325801106	LogReg
ECFP_952	0.0044805865297711	LogReg
ECFP_948	0.0044798467087329	LogReg
ECFP_228	0.0044765606543162	LogReg
ECFP_390	0.0044580947812149	LogReg
ECFP_224	0.0044473896670672	LogReg
ECFP_343	0.0044471407	XGB
ECFP_931	0.0044441424920965	LogReg
ECFP_895	0.0044214408187843	LogReg
ECFP_226	0.00441089	XGB
ECFP_455	0.0044080333740429	LogReg
ECFP_97	0.0044066371721311	LogReg
ECFP_955	0.0043969313	XGB
ECFP_430	0.0043924307637826	LogReg
ECFP_580	0.004380076	XGB
ECFP_59	0.0043791931184133	LogReg
ECFP_115	0.0043774736	XGB
ECFP_348	0.0043637554060966	LogReg
ECFP_531	0.0043374443664158	LogReg
ECFP_160	0.0042979788258022	LogReg
ECFP_564	0.0042923996	XGB
ECFP_310	0.0042847013	XGB
ECFP_963	0.0042776725368417	LogReg
ECFP_838	0.004273695	XGB
ECFP_130	0.004272369190791	LogReg
ECFP_529	0.0042660908406396	LogReg
ECFP_960	0.004261072	XGB
ECFP_779	0.0042596628238489	LogReg
ECFP_76	0.0042559280610089	LogReg
ECFP_926	0.0042306639531735	RF
ECFP_424	0.0042269955100363	LogReg
ECFP_757	0.004217495133669	LogReg
ECFP_729	0.0042129002394598	LogReg
ECFP_87	0.0042075649111582	LogReg
ECFP_677	0.004206167	XGB
ECFP_112	0.0042018982364843	LogReg
ECFP_517	0.0041845026694315	LogReg
ECFP_429	0.004176003	XGB
ECFP_534	0.0041726297	XGB
ECFP_649	0.0041698985065023	LogReg
ECFP_782	0.0041656166150241	LogReg
ECFP_771	0.0041653051327507	LogReg
ECFP_857	0.004148431	XGB
ECFP_743	0.0041468789604521	LogReg
ECFP_504	0.004120649044241	LogReg
ECFP_507	0.0041191437504023	LogReg
ECFP_46	0.00411745	XGB
ECFP_992	0.0041167736	XGB
ECFP_506	0.0040979135074957	LogReg
ECFP_461	0.00408478	XGB
ECFP_368	0.0040710701175134	LogReg
ECFP_195	0.0040689914876038	LogReg
ECFP_940	0.004065608	XGB
ECFP_900	0.0040584915508323	LogReg
ECFP_671	0.0040452613948636	LogReg
ECFP_677	0.0040443883287099	LogReg
ECFP_92	0.0040442357	XGB
ECFP_253	0.0040437365	XGB
ECFP_670	0.0040348605190071	LogReg
ECFP_74	0.0040344930173658	LogReg
ECFP_277	0.0040316541467126	LogReg
ECFP_651	0.0040109356200363	LogReg
ECFP_885	0.0040067397542574	LogReg
ECFP_96	0.0039975302043094	LogReg
ECFP_309	0.0039866174225987	LogReg
ECFP_367	0.0039761706996284	RF
ECFP_366	0.0039707432692359	LogReg
ECFP_466	0.003969963651707	LogReg
ECFP_408	0.003962384	XGB
ECFP_446	0.0039486446337283	LogReg
ECFP_478	0.0039429913230761	LogReg
ECFP_252	0.0039379030025883	LogReg
ECFP_272	0.0039058120440226	LogReg
ECFP_289	0.0039029482	XGB
ECFP_115	0.0038898173706148	LogReg
ECFP_819	0.0038812353777847	LogReg
ECFP_366	0.0038791788	XGB
ECFP_515	0.0038694617876043	LogReg
ECFP_436	0.0038629184500343	LogReg
ECFP_869	0.0038324154567349	LogReg
ECFP_234	0.0038235855388674	LogReg
ECFP_445	0.0038119082939556	LogReg
ECFP_624	0.0038107384	XGB
ECFP_387	0.0038075209155666	LogReg
ECFP_124	0.0038057708516107	LogReg
ECFP_799	0.0037943534019232	LogReg
ECFP_62	0.0037867031552278	LogReg
ECFP_737	0.003781572009021	LogReg
ECFP_761	0.003781467	XGB
ECFP_957	0.0037753635748012	LogReg
ECFP_664	0.0037707129723794	LogReg
ECFP_764	0.0037617168149458	LogReg
ECFP_391	0.0037537993902479	LogReg
ECFP_541	0.003747185	XGB
ECFP_401	0.0037443096625564	LogReg
ECFP_415	0.0037423748581071	LogReg
ECFP_571	0.0037421296697065	LogReg
ECFP_194	0.0037406114638173	LogReg
ECFP_82	0.0037385909870644	LogReg
ECFP_883	0.0037253042993154	LogReg
ECFP_657	0.0037235082	XGB
ECFP_72	0.0037213617309167	LogReg
ECFP_623	0.0037101343891744	LogReg
ECFP_364	0.0037080036	XGB
ECFP_802	0.0037079324735218	LogReg
ECFP_239	0.0037067448002289	LogReg
ECFP_206	0.0037052120050501	LogReg
ECFP_374	0.0036757658721325	LogReg
ECFP_768	0.0036708497393648	LogReg
ECFP_640	0.0036461872740138	LogReg
ECFP_227	0.0036449888508476	RF
ECFP_399	0.0036369992964424	LogReg
ECFP_285	0.0036234963	XGB
ECFP_934	0.0036229216612814	LogReg
ECFP_480	0.0036095839469192	LogReg
ECFP_31	0.0036084021698492	LogReg
ECFP_186	0.0036071868008417	LogReg
ECFP_776	0.0035945498177976	LogReg
ECFP_235	0.0035874977771587	LogReg
ECFP_320	0.0035842238895627	LogReg
ECFP_742	0.0035816036213458	LogReg
ECFP_687	0.0035777863	XGB
ECFP_838	0.0035676664006771	LogReg
ECFP_653	0.0035468760697008	LogReg
ECFP_429	0.0035466270040012	LogReg
ECFP_814	0.0035376351146232	LogReg
ECFP_951	0.0035281722016476	LogReg
ECFP_723	0.003522714686987	LogReg
ECFP_21	0.0035005705139772	LogReg
ECFP_265	0.003496278084188	LogReg
ECFP_998	0.0034897677	XGB
ECFP_258	0.0034822202511705	LogReg
ECFP_45	0.0034706104943588	LogReg
ECFP_91	0.0034696937	XGB
ECFP_412	0.0034598112	XGB
ECFP_237	0.0034513055180372	RF
ECFP_426	0.0034454434048038	LogReg
ECFP_481	0.0034262663128529	LogReg
ECFP_375	0.0034125009104469	LogReg
ECFP_333	0.0034115532790058	RF
ECFP_565	0.0034098022540302	LogReg
ECFP_993	0.0034062159363947	RF
ECFP_632	0.0034002454251138	LogReg
ECFP_142	0.0033974500695902	LogReg
ECFP_251	0.0033884870942428	LogReg
ECFP_254	0.0033878035283279	LogReg
ECFP_529	0.0033834532	XGB
ECFP_839	0.0033816500600964	LogReg
ECFP_985	0.0033804160354404	LogReg
ECFP_27	0.0033782238147531	LogReg
ECFP_104	0.003364469191048	LogReg
ECFP_1008	0.003362636813652	LogReg
ECFP_314	0.0033614668392229	RF
ECFP_491	0.0033599605072281	RF
ECFP_928	0.0033507620205938	LogReg
ECFP_636	0.0033458863851908	LogReg
ECFP_370	0.0033416253468221	LogReg
ECFP_82	0.0033391058	XGB
ECFP_832	0.0033353255	XGB
ECFP_1009	0.0033327820143146	LogReg
ECFP_856	0.0033325305014691	LogReg
ECFP_70	0.0033004653129163	LogReg
ECFP_765	0.0032924828603971	LogReg
ECFP_679	0.003284452	XGB
ECFP_547	0.0032796655151622	LogReg
ECFP_1000	0.0032777036949131	LogReg
ECFP_597	0.0032765769593695	LogReg
ECFP_570	0.0032734807418474	LogReg
ECFP_284	0.0032645852443361	RF
ECFP_613	0.0032419143017298	LogReg
ECFP_953	0.0032410974879073	LogReg
ECFP_24	0.0032374581022862	LogReg
ECFP_78	0.003234004	XGB
ECFP_825	0.0032334886	XGB
ECFP_888	0.0032259147386516	LogReg
ECFP_126	0.0032156942984282	LogReg
ECFP_775	0.0032027442713955	LogReg
ECFP_108	0.0031950810289761	LogReg
ECFP_576	0.003186822052841	LogReg
ECFP_239	0.0031860613	XGB
ECFP_166	0.003178910475576	LogReg
ECFP_784	0.0031640227	XGB
ECFP_984	0.0031626716	XGB
ECFP_750	0.0031577413520515	LogReg
ECFP_981	0.0031509182909448	RF
ECFP_482	0.0031495043	XGB
ECFP_94	0.0031486007848697	LogReg
ECFP_449	0.0031473944057693	LogReg
ECFP_803	0.0031230224081534	LogReg
ECFP_61	0.0031229373487788	LogReg
ECFP_53	0.0031021326	XGB
ECFP_299	0.0030965789780632	LogReg
ECFP_937	0.0030952638339662	LogReg
ECFP_247	0.0030946120792357	LogReg
ECFP_680	0.003091112	XGB
ECFP_52	0.0030904596	XGB
ECFP_623	0.0030865315	XGB
ECFP_603	0.0030862090299518	LogReg
ECFP_93	0.0030843869661876	LogReg
ECFP_864	0.003078163679062	LogReg
ECFP_486	0.0030698510827538	RF
ECFP_551	0.0030644056	XGB
ECFP_591	0.0030637481857603	LogReg
ECFP_528	0.0030623576658406	LogReg
ECFP_628	0.0030598985175701	LogReg
ECFP_824	0.0030544063789587	LogReg
ECFP_705	0.0030446064	XGB
ECFP_752	0.0030443779851023	LogReg
ECFP_772	0.003037169872993	LogReg
ECFP_471	0.0030362935778781	LogReg
ECFP_292	0.0030309014955295	LogReg
ECFP_556	0.0030308788786184	LogReg
ECFP_604	0.0030277140570228	LogReg
ECFP_722	0.0030261461578034	LogReg
ECFP_601	0.0030239359638151	LogReg
ECFP_582	0.0030199743654463	LogReg
ECFP_523	0.003007609204452	LogReg
ECFP_921	0.003001555669515	LogReg
ECFP_916	0.0030005427203764	LogReg
ECFP_312	0.0029971434482324	LogReg
ECFP_808	0.0029889704044705	LogReg
ECFP_660	0.0029848132660188	LogReg
ECFP_127	0.0029821012751439	LogReg
ECFP_577	0.0029794208	XGB
ECFP_165	0.0029740315	XGB
ECFP_958	0.0029686805288176	LogReg
ECFP_112	0.0029580495	XGB
ECFP_542	0.0029525330201676	LogReg
ECFP_259	0.0029506022619513	LogReg
ECFP_969	0.0029504183896041	LogReg
ECFP_897	0.0029490681607305	LogReg
ECFP_19	0.0029474813880198	LogReg
ECFP_585	0.0029451657762739	LogReg
ECFP_630	0.0029374645225209	LogReg
ECFP_346	0.0029359382818357	LogReg
ECFP_150	0.0029340218743539	LogReg
ECFP_599	0.0029317758082629	LogReg
ECFP_817	0.0029308235969061	LogReg
ECFP_408	0.0029289494452533	LogReg
ECFP_479	0.0029271964	XGB
ECFP_158	0.0029175211278576	LogReg
ECFP_728	0.0029172457	XGB
ECFP_893	0.0029154237252804	RF
ECFP_338	0.0029105316255391	LogReg
ECFP_642	0.0029103250519611	LogReg
ECFP_441	0.0029081487926572	LogReg
ECFP_457	0.0029064762883004	LogReg
ECFP_596	0.0029017101307193	LogReg
ECFP_848	0.0028969158442263	LogReg
ECFP_656	0.0028886946878316	RF
ECFP_706	0.0028883540366804	LogReg
ECFP_867	0.002888245	XGB
ECFP_339	0.0028848961852009	LogReg
ECFP_734	0.0028843926981997	LogReg
ECFP_593	0.0028814884347224	LogReg
ECFP_437	0.0028806054806332	LogReg
ECFP_685	0.0028794231395006	LogReg
ECFP_54	0.0028774708747601	LogReg
ECFP_659	0.0028771871212901	RF
ECFP_122	0.0028703351277632	LogReg
ECFP_847	0.0028579930406259	LogReg
ECFP_488	0.0028526048070268	LogReg
ECFP_549	0.0028479929223064	RF
ECFP_902	0.0028478485548003	LogReg
ECFP_562	0.0028471153	XGB
ECFP_587	0.0028440438	XGB
ECFP_725	0.0028355184	XGB
ECFP_196	0.0028337288596917	LogReg
ECFP_129	0.0028270609406561	LogReg
ECFP_561	0.0028266121037447	RF
ECFP_668	0.0028128735371376	LogReg
ECFP_48	0.0028010330452945	LogReg
ECFP_315	0.0028005856753959	LogReg
ECFP_341	0.0027943994134886	RF
ECFP_351	0.0027835864540749	LogReg
ECFP_809	0.0027826613316247	LogReg
ECFP_89	0.0027817686303431	LogReg
ECFP_120	0.0027633815618122	LogReg
ECFP_309	0.0027620848	XGB
ECFP_682	0.0027613424672387	LogReg
ECFP_586	0.0027588785	XGB
ECFP_229	0.0027561533148694	LogReg
ECFP_319	0.0027556923987502	LogReg
ECFP_988	0.0027531453735859	LogReg
ECFP_81	0.0027485885090054	LogReg
ECFP_674	0.0027438742871753	LogReg
ECFP_317	0.0027286473419112	LogReg
ECFP_85	0.0027272251098335	LogReg
ECFP_1021	0.0027262115371931	LogReg
ECFP_465	0.0027248324	XGB
ECFP_982	0.0027135833621189	LogReg
ECFP_363	0.0027081505458618	LogReg
ECFP_22	0.0027021887182393	LogReg
ECFP_769	0.0026907015	XGB
ECFP_643	0.0026771484202043	LogReg
ECFP_35	0.0026700552183586	LogReg
ECFP_318	0.002670037	XGB
ECFP_724	0.0026682853884114	LogReg
ECFP_908	0.0026672919132632	LogReg
ECFP_3	0.002665271812241	LogReg
ECFP_931	0.0026624184	XGB
ECFP_217	0.00266035193716	LogReg
ECFP_300	0.0026524995663085	LogReg
ECFP_567	0.0026522210919024	LogReg
ECFP_615	0.0026476698340401	LogReg
ECFP_855	0.0026404704	XGB
ECFP_210	0.0026348806	XGB
ECFP_1014	0.0026344054338948	LogReg
ECFP_942	0.0026341639845485	LogReg
ECFP_464	0.0026275365351974	RF
ECFP_903	0.002626627416284	LogReg
ECFP_697	0.0026258617982349	LogReg
ECFP_740	0.0026232977	XGB
ECFP_1019	0.0026210456741286	RF
ECFP_907	0.0026165597121657	LogReg
ECFP_755	0.0026157589680624	LogReg
ECFP_925	0.002609551332047	LogReg
ECFP_813	0.0026084496047215	LogReg
ECFP_763	0.0026041712	XGB
ECFP_543	0.0025962824	XGB
ECFP_168	0.0025932317267465	LogReg
ECFP_369	0.0025899715217037	LogReg
ECFP_858	0.0025872099858224	LogReg
ECFP_554	0.0025827622863537	LogReg
ECFP_773	0.0025717751308076	LogReg
ECFP_815	0.0025690112	XGB
ECFP_75	0.0025662575	XGB
ECFP_473	0.0025636772346394	LogReg
ECFP_886	0.0025590489744925	LogReg
ECFP_164	0.0025486688176181	LogReg
ECFP_708	0.0025431497	XGB
ECFP_569	0.0025418234522594	LogReg
ECFP_611	0.0025400370352139	LogReg
ECFP_975	0.002538066	XGB
ECFP_989	0.0025350875	XGB
ECFP_432	0.0025340517	XGB
ECFP_860	0.0025331401	XGB
ECFP_879	0.0025249049165987	LogReg
ECFP_218	0.0025196667599141	LogReg
ECFP_308	0.00251161	XGB
ECFP_238	0.0025084323366911	LogReg
ECFP_873	0.0025071803791971	LogReg
ECFP_941	0.0024989904	XGB
ECFP_44	0.0024882575823677	LogReg
ECFP_683	0.0024791631496697	LogReg
ECFP_373	0.0024748530757209	LogReg
ECFP_282	0.002463730713761	LogReg
ECFP_718	0.0024538235829558	RF
ECFP_9	0.0024518569	XGB
ECFP_877	0.0024480571640416	LogReg
ECFP_681	0.0024456816921706	LogReg
ECFP_854	0.0024379306565395	LogReg
ECFP_553	0.0024353866	XGB
ECFP_102	0.0024245493	XGB
ECFP_937	0.002423944	XGB
ECFP_222	0.0024239139401337	RF
ECFP_242	0.0024192541018306	LogReg
ECFP_3	0.0023993012	XGB
ECFP_918	0.0023989123	XGB
ECFP_409	0.002397035	XGB
ECFP_522	0.0023955465330246	LogReg
ECFP_134	0.0023952622248649	LogReg
ECFP_213	0.0023948878464541	LogReg
ECFP_57	0.0023771797186893	LogReg
ECFP_280	0.0023719892805691	LogReg
ECFP_188	0.0023652734	XGB
ECFP_334	0.0023520729038174	LogReg
ECFP_620	0.0023498887097562	LogReg
ECFP_830	0.0023411163	XGB
ECFP_732	0.0023346007548751	LogReg
ECFP_777	0.002327817421595	LogReg
ECFP_68	0.0023271999808914	LogReg
ECFP_973	0.0023140372	XGB
ECFP_865	0.0023069357019487	LogReg
ECFP_501	0.0023002252	XGB
ECFP_83	0.0022992451932324	LogReg
ECFP_432	0.0022957177601206	LogReg
ECFP_811	0.0022923218977541	LogReg
ECFP_787	0.0022893592005215	RF
ECFP_786	0.0022869864	XGB
ECFP_520	0.0022835899954385	LogReg
ECFP_321	0.0022832630045605	LogReg
ECFP_41	0.0022815698097618	RF
ECFP_633	0.002276723773953	LogReg
ECFP_262	0.0022733380511361	LogReg
ECFP_999	0.0022724780743843	LogReg
ECFP_327	0.0022708965	XGB
ECFP_556	0.002267769	XGB
ECFP_698	0.0022654309501573	RF
ECFP_377	0.0022620618880068	LogReg
ECFP_207	0.0022604003428558	RF
ECFP_540	0.0022538887149836	RF
ECFP_923	0.0022528374585236	RF
ECFP_319	0.0022502206	XGB
ECFP_476	0.0022488694490071	LogReg
ECFP_145	0.0022487103142501	LogReg
ECFP_897	0.0022476087	XGB
ECFP_182	0.0022447342	XGB
ECFP_788	0.0022399382534991	LogReg
ECFP_828	0.0022368456282455	LogReg
ECFP_724	0.0022249692	XGB
ECFP_60	0.002224768672304	LogReg
ECFP_125	0.0022160525047658	LogReg
ECFP_860	0.0022132243150061	LogReg
ECFP_717	0.0022030504190205	LogReg
ECFP_293	0.0021839293025899	LogReg
ECFP_991	0.0021839240192585	LogReg
ECFP_447	0.0021791015054674	LogReg
ECFP_1018	0.0021790771781954	LogReg
ECFP_400	0.0021755806763405	LogReg
ECFP_700	0.002166409	XGB
ECFP_516	0.0021619809291315	LogReg
ECFP_6	0.00215410729065	LogReg
ECFP_612	0.0021536865010728	LogReg
ECFP_136	0.0021477178007424	RF
ECFP_862	0.0021383956400477	LogReg
ECFP_269	0.0021354680583074	LogReg
ECFP_487	0.0021334322329994	LogReg
ECFP_116	0.0021309764	XGB
ECFP_245	0.0021262594441805	LogReg
ECFP_273	0.0021178444694755	LogReg
ECFP_241	0.0021178094022826	LogReg
ECFP_980	0.0021153633979956	LogReg
ECFP_198	0.0021141656288387	LogReg
ECFP_530	0.0021136738750288	LogReg
ECFP_353	0.0021118943784133	LogReg
ECFP_325	0.0021104809895097	RF
ECFP_69	0.0021090293801169	LogReg
ECFP_526	0.0021036725099771	RF
ECFP_240	0.0020998427048688	LogReg
ECFP_961	0.002096415	XGB
ECFP_135	0.0020892227	XGB
ECFP_204	0.002084212	XGB
ECFP_88	0.0020838403229896	LogReg
ECFP_658	0.0020744482062377	LogReg
ECFP_411	0.0020648982151038	LogReg
ECFP_111	0.0020600247816506	LogReg
ECFP_547	0.002051366	XGB
ECFP_602	0.0020476489776993	LogReg
ECFP_381	0.002046613490007	RF
ECFP_329	0.0020464714860449	LogReg
ECFP_783	0.0020395503220937	LogReg
ECFP_822	0.0020380177294837	LogReg
ECFP_1020	0.0020315590560161	LogReg
ECFP_886	0.0020144968	XGB
ECFP_843	0.0020124758536655	RF
ECFP_292	0.002009855	XGB
ECFP_568	0.0020007177660843	LogReg
ECFP_445	0.001998372	XGB
ECFP_821	0.0019928140444877	LogReg
ECFP_361	0.0019874695935242	RF
ECFP_904	0.0019872948465548	RF
ECFP_829	0.0019855898640199	RF
ECFP_483	0.0019850373231731	LogReg
ECFP_497	0.0019844832898335	LogReg
ECFP_885	0.0019824111	XGB
ECFP_647	0.0019801906	XGB
ECFP_676	0.001977787002842	LogReg
ECFP_967	0.0019764460635957	RF
ECFP_261	0.0019716204789506	LogReg
ECFP_929	0.0019673794827153	LogReg
ECFP_169	0.0019569399282466	LogReg
ECFP_559	0.001953984	XGB
ECFP_96	0.0019537453	XGB
ECFP_789	0.0019535969226967	LogReg
ECFP_485	0.0019519812235506	LogReg
ECFP_795	0.0019483675	XGB
ECFP_655	0.0019456724536782	LogReg
ECFP_762	0.0019408855949468	LogReg
ECFP_1002	0.0019350613539567	LogReg
ECFP_264	0.001931639559613	LogReg
ECFP_831	0.0019315021494147	RF
ECFP_618	0.0019298369826543	LogReg
ECFP_305	0.0019270803658712	LogReg
ECFP_265	0.0019252741	XGB
ECFP_627	0.0019148005755744	LogReg
ECFP_332	0.001914300798266	LogReg
ECFP_393	0.0019118882112812	RF
ECFP_544	0.0019094352390446	LogReg
ECFP_536	0.0019070626517606	LogReg
ECFP_86	0.0019055664	XGB
ECFP_558	0.0019049127346992	LogReg
ECFP_440	0.0019001960464106	LogReg
ECFP_307	0.0018999284	XGB
ECFP_396	0.0018983327629424	LogReg
ECFP_637	0.0018972607936981	LogReg
ECFP_383	0.0018945917787546	RF
ECFP_578	0.0018940466612506	RF
ECFP_181	0.0018926438122712	LogReg
ECFP_323	0.0018904742491665	LogReg
ECFP_374	0.001889763	XGB
ECFP_669	0.0018896274	XGB
ECFP_945	0.0018875397852638	LogReg
ECFP_538	0.0018868766191778	LogReg
ECFP_507	0.0018804282	XGB
ECFP_51	0.001880421409958	LogReg
ECFP_189	0.0018789258	XGB
ECFP_249	0.0018770354	XGB
ECFP_428	0.0018746944300224	RF
ECFP_835	0.0018737791316667	LogReg
ECFP_751	0.0018729571	XGB
ECFP_710	0.0018721444700054	LogReg
ECFP_899	0.0018679154099289	LogReg
ECFP_572	0.0018650870057889	LogReg
ECFP_566	0.0018630062401722	LogReg
ECFP_180	0.0018606609782164	LogReg
ECFP_187	0.0018605611	XGB
ECFP_716	0.0018600208213471	LogReg
ECFP_535	0.001859802	XGB
ECFP_362	0.0018588498087439	RF
ECFP_305	0.0018559912	XGB
ECFP_521	0.0018504048078025	LogReg
ECFP_243	0.0018488414915809	LogReg
ECFP_741	0.0018422534538912	LogReg
ECFP_190	0.0018419188950447	LogReg
ECFP_704	0.001837745024566	LogReg
ECFP_995	0.0018326024105274	LogReg
ECFP_335	0.0018234204490017	LogReg
ECFP_818	0.0018225800340244	LogReg
ECFP_287	0.0018216868068841	LogReg
ECFP_316	0.0018137858	XGB
ECFP_379	0.0018105886175911	LogReg
ECFP_674	0.0018079497	XGB
ECFP_922	0.0018063473557285	RF
ECFP_435	0.0018022576	XGB
ECFP_790	0.001798609357486	LogReg
ECFP_962	0.0017942042928588	LogReg
ECFP_758	0.0017937564	XGB
ECFP_499	0.0017916561240592	LogReg
ECFP_815	0.0017872591650697	LogReg
ECFP_56	0.0017871116179849	LogReg
ECFP_276	0.0017865687206309	LogReg
ECFP_119	0.0017861831766923	RF
ECFP_690	0.0017823128061216	LogReg
ECFP_397	0.0017751197	XGB
ECFP_456	0.0017663115483761	RF
ECFP_279	0.0017654444961088	LogReg
ECFP_563	0.0017625691718944	LogReg
ECFP_939	0.001759768365696	LogReg
ECFP_14	0.0017525697662317	RF
ECFP_179	0.0017513466428729	RF
ECFP_870	0.0017463688566339	LogReg
ECFP_24	0.0017438323	XGB
ECFP_739	0.0017433767102468	RF
ECFP_871	0.0017404246471451	LogReg
ECFP_719	0.0017387612835788	LogReg
ECFP_101	0.0017268972083636	LogReg
ECFP_640	0.001721543	XGB
ECFP_149	0.0017185118195003	LogReg
ECFP_95	0.0017150370416094	LogReg
ECFP_458	0.0017125094237371	RF
ECFP_331	0.0017069358875244	LogReg
ECFP_121	0.0016978861735512	RF
ECFP_965	0.0016953922608442	LogReg
ECFP_914	0.0016937649	XGB
ECFP_930	0.0016934679967425	LogReg
ECFP_736	0.0016889755177779	RF
ECFP_340	0.0016883159657918	LogReg
ECFP_271	0.0016872609	XGB
ECFP_317	0.0016854625	XGB
ECFP_61	0.0016851546	XGB
ECFP_21	0.0016828608	XGB
ECFP_475	0.0016811374634367	LogReg
ECFP_609	0.0016789998305244	LogReg
ECFP_220	0.0016726429	XGB
ECFP_510	0.0016655617392779	LogReg
ECFP_629	0.0016651856765181	LogReg
ECFP_90	0.0016647424958825	RF
ECFP_328	0.0016636547106938	LogReg
ECFP_805	0.0016619242945862	LogReg
ECFP_448	0.0016604919	XGB
ECFP_155	0.0016589334174846	LogReg
ECFP_679	0.0016510360753417	LogReg
ECFP_392	0.0016508853080626	RF
ECFP_313	0.0016478824703228	LogReg
ECFP_631	0.0016449072938563	LogReg
ECFP_128	0.0016418991171987	RF
ECFP_1005	0.0016412677702957	LogReg
ECFP_654	0.0016355275197192	LogReg
ECFP_938	0.0016309998123493	LogReg
ECFP_146	0.0016304100749171	LogReg
ECFP_595	0.0016282263681591	LogReg
ECFP_10	0.001623231854568	RF
ECFP_782	0.001612464	XGB
ECFP_892	0.0016116191589636	LogReg
ECFP_221	0.0016100372	XGB
ECFP_298	0.0016099274	XGB
ECFP_29	0.0016079116382593	LogReg
ECFP_50	0.0016058215756498	LogReg
ECFP_1013	0.0015983974288112	LogReg
ECFP_836	0.0015964019480802	LogReg
ECFP_425	0.0015959161350837	LogReg
ECFP_205	0.0015958017564092	LogReg
ECFP_159	0.0015942612198656	LogReg
ECFP_257	0.0015912260297149	LogReg
ECFP_9	0.0015904921329696	RF
ECFP_134	0.001588488	XGB
ECFP_326	0.0015883910299895	LogReg
ECFP_749	0.0015857976	XGB
ECFP_863	0.001582947967402	LogReg
ECFP_804	0.0015779688952486	LogReg
ECFP_388	0.0015700046416442	LogReg
ECFP_528	0.0015693197	XGB
ECFP_444	0.001565037	XGB
ECFP_242	0.0015639436	XGB
ECFP_349	0.0015620565	XGB
ECFP_39	0.0015618780778427	LogReg
ECFP_288	0.0015600544601335	RF
ECFP_64	0.0015573321997807	RF
ECFP_275	0.001556372	XGB
ECFP_40	0.0015563090281414	LogReg
ECFP_512	0.0015528449005178	LogReg
ECFP_132	0.0015510191855587	LogReg
ECFP_896	0.0015491531428661	RF
ECFP_306	0.0015484334803051	LogReg
ECFP_147	0.0015448403821743	RF
ECFP_452	0.001540449321611	RF
ECFP_667	0.0015293451402604	RF
ECFP_950	0.001527568870786	LogReg
ECFP_419	0.0015222594144587	RF
ECFP_354	0.0015172703	XGB
ECFP_330	0.001513767473419	LogReg
ECFP_568	0.0015036211	XGB
ECFP_846	0.0015029562924929	LogReg
ECFP_157	0.0015018107880656	LogReg
ECFP_513	0.0014982106504245	LogReg
ECFP_850	0.0014968493674133	LogReg
ECFP_800	0.0014955094551615	LogReg
ECFP_628	0.001486858	XGB
ECFP_291	0.0014862356715876	LogReg
ECFP_927	0.0014836046572803	RF
ECFP_322	0.001482138217152	RF
ECFP_405	0.0014808156325754	LogReg
ECFP_16	0.0014789976793297	LogReg
ECFP_979	0.0014786016527688	RF
ECFP_977	0.0014718060172338	LogReg
ECFP_648	0.0014711976729536	LogReg
ECFP_968	0.0014679681207904	LogReg
ECFP_498	0.0014673421963616	LogReg
ECFP_673	0.0014561763185723	RF
ECFP_372	0.0014553654897602	LogReg
ECFP_778	0.0014534246843216	LogReg
ECFP_451	0.0014532103328439	RF
ECFP_501	0.0014508614714908	LogReg
ECFP_199	0.0014368591481968	LogReg
ECFP_416	0.0014305812018821	RF
ECFP_987	0.0014281766608991	LogReg
ECFP_245	0.0014255438	XGB
ECFP_635	0.0014252116062172	LogReg
ECFP_641	0.0014234535055827	RF
ECFP_906	0.0014209631919506	LogReg
ECFP_588	0.0014171377506033	RF
ECFP_391	0.0014148916	XGB
ECFP_944	0.0014131342	XGB
ECFP_686	0.0014113651497487	LogReg
ECFP_872	0.0014082137129218	LogReg
ECFP_404	0.0014056919496883	LogReg
ECFP_281	0.001405685	XGB
ECFP_834	0.00139131	XGB
ECFP_608	0.0013902866430225	LogReg
ECFP_470	0.0013864915773191	RF
ECFP_1016	0.0013862680922329	LogReg
ECFP_290	0.0013830963818573	LogReg
ECFP_733	0.0013804294318374	LogReg
ECFP_881	0.0013642222295803	RF
ECFP_756	0.0013615672718347	LogReg
ECFP_311	0.0013603294094275	RF
ECFP_976	0.0013571779	XGB
ECFP_598	0.001353800293918	LogReg
ECFP_324	0.0013524998	XGB
ECFP_219	0.0013475233059102	RF
ECFP_113	0.0013469178914232	LogReg
ECFP_490	0.0013436020602892	LogReg
ECFP_691	0.0013426744	XGB
ECFP_524	0.0013403147	XGB
ECFP_434	0.0013350917167447	LogReg
ECFP_66	0.0013330746753648	LogReg
ECFP_760	0.001329671923696	LogReg
ECFP_605	0.0013287219162915	LogReg
ECFP_574	0.0013284179524501	LogReg
ECFP_427	0.0013269077865269	LogReg
ECFP_750	0.0013249915	XGB
ECFP_794	0.0013231067216445	RF
ECFP_184	0.001321844620639	RF
ECFP_25	0.0013210015894337	LogReg
ECFP_208	0.001317295	XGB
ECFP_421	0.0013166665	XGB
ECFP_525	0.0013165471777105	LogReg
ECFP_30	0.0013092248984643	LogReg
ECFP_171	0.0013084160421121	RF
ECFP_505	0.0013076412280425	LogReg
ECFP_423	0.0013069263390954	LogReg
ECFP_801	0.0013066466709129	RF
ECFP_162	0.0013055778226738	LogReg
ECFP_172	0.001303299003709	LogReg
ECFP_413	0.0013008276449494	LogReg
ECFP_616	0.0012936321898186	LogReg
ECFP_816	0.0012883506711811	RF
ECFP_244	0.001287828480929	LogReg
ECFP_150	0.0012854652	XGB
ECFP_662	0.0012840206436942	LogReg
ECFP_917	0.0012838185534346	RF
ECFP_175	0.0012815918562409	RF
ECFP_384	0.0012782217	XGB
ECFP_690	0.0012749538	XGB
ECFP_776	0.0012746319	XGB
ECFP_953	0.0012726547	XGB
ECFP_983	0.0012720718048337	LogReg
ECFP_826	0.0012670295438512	LogReg
ECFP_214	0.0012661955590187	RF
ECFP_441	0.0012618926	XGB
ECFP_200	0.001258717196098	RF
ECFP_304	0.0012530036	XGB
ECFP_1003	0.0012525230944538	LogReg
ECFP_301	0.001249295248323	RF
ECFP_737	0.001249163	XGB
ECFP_466	0.0012361022	XGB
ECFP_483	0.0012307616	XGB
ECFP_260	0.0012299419293791	LogReg
ECFP_506	0.0012297512	XGB
ECFP_177	0.0012280687060024	LogReg
ECFP_37	0.0012233962297491	RF
ECFP_626	0.0012228917985491	LogReg
ECFP_998	0.0012152151859048	RF
ECFP_117	0.0012148236301479	RF
ECFP_933	0.0012147294	XGB
ECFP_488	0.001212104	XGB
ECFP_606	0.0012118915	XGB
ECFP_28	0.0012113943571652	LogReg
ECFP_1023	0.0012107319369864	LogReg
ECFP_1011	0.0012093061	XGB
ECFP_910	0.0012069235089792	LogReg
ECFP_840	0.0012061596691457	LogReg
ECFP_879	0.0012050249	XGB
ECFP_665	0.001204507522488	RF
ECFP_797	0.0012018303271628	LogReg
ECFP_857	0.0012001889497989	RF
ECFP_496	0.0011992623545384	LogReg
ECFP_785	0.0011983987509626	RF
ECFP_472	0.0011970448202951	LogReg
ECFP_348	0.0011937148	XGB
ECFP_26	0.0011929688	XGB
ECFP_959	0.0011883803520566	LogReg
ECFP_388	0.0011810928	XGB
ECFP_402	0.0011804710776448	LogReg
ECFP_767	0.0011790482676562	RF
ECFP_469	0.0011763561260742	LogReg
ECFP_1012	0.0011733273450355	RF
ECFP_512	0.0011727232	XGB
ECFP_919	0.0011724033	XGB
ECFP_38	0.0011717404027011	LogReg
ECFP_751	0.0011701516150576	RF
ECFP_137	0.0011700521545444	LogReg
ECFP_349	0.0011693720174774	RF
ECFP_263	0.001166621399611	RF
ECFP_355	0.0011664533111949	RF
ECFP_438	0.0011651394971537	LogReg
ECFP_502	0.0011624073541975	RF
ECFP_807	0.0011610006654324	RF
ECFP_20	0.0011580383551956	LogReg
ECFP_211	0.0011531732467338	LogReg
ECFP_712	0.0011514509667732	LogReg
ECFP_600	0.0011505536	XGB
ECFP_746	0.0011456124020543	LogReg
ECFP_358	0.0011452852759415	LogReg
ECFP_484	0.0011447153522608	RF
ECFP_251	0.0011428887	XGB
ECFP_302	0.0011409537	XGB
ECFP_971	0.0011394073	XGB
ECFP_389	0.0011386709404941	RF
ECFP_552	0.0011383859491166	RF
ECFP_194	0.0011373076	XGB
ECFP_350	0.0011366546390937	RF
ECFP_308	0.0011344373119737	RF
ECFP_489	0.0011307765560076	RF
ECFP_888	0.0011280654	XGB
ECFP_707	0.001126802856493	RF
ECFP_533	0.0011223918041293	RF
ECFP_662	0.0011221825	XGB
ECFP_140	0.0011204724668867	RF
ECFP_935	0.0011171093580669	RF
ECFP_772	0.0011116775	XGB
ECFP_730	0.0011113913997364	RF
ECFP_936	0.0011093059	XGB
ECFP_851	0.0011035940876074	LogReg
ECFP_675	0.0010989185730927	RF
ECFP_579	0.0010921043531469	RF
ECFP_543	0.001091823187617	RF
ECFP_898	0.0010887397831777	RF
ECFP_699	0.0010870961031652	RF
ECFP_232	0.0010860031424107	LogReg
ECFP_300	0.0010853664	XGB
ECFP_460	0.0010779564263041	RF
ECFP_644	0.0010732786970489	LogReg
ECFP_138	0.00106733184443	RF
ECFP_924	0.0010653623672122	LogReg
ECFP_575	0.0010634967791294	RF
ECFP_176	0.001061712033321	LogReg
ECFP_23	0.0010597757647586	RF
ECFP_531	0.001059174	XGB
ECFP_170	0.0010581483163025	LogReg
ECFP_671	0.001057653	XGB
ECFP_508	0.001057601935026	LogReg
ECFP_482	0.0010545261249857	RF
ECFP_420	0.0010526662	XGB
ECFP_359	0.0010486792	XGB
ECFP_216	0.0010426365166032	RF
ECFP_649	0.001041194	XGB
ECFP_493	0.0010389566328658	RF
ECFP_209	0.0010385600031598	LogReg
ECFP_282	0.0010367905	XGB
ECFP_320	0.0010349967	XGB
ECFP_883	0.0010345972	XGB
ECFP_68	0.0010294634	XGB
ECFP_410	0.0010276446807305	LogReg
ECFP_47	0.0010148085599498	RF
ECFP_954	0.0010081237	XGB
ECFP_338	0.0010016856	XGB
ECFP_294	0.0009964426583889	RF
ECFP_876	0.0009930720945293	LogReg
ECFP_770	0.0009921413	XGB
ECFP_837	0.0009916655	XGB
ECFP_634	0.000987366442595	LogReg
ECFP_498	0.0009871009	XGB
ECFP_840	0.0009864394	XGB
ECFP_969	0.0009828287	XGB
ECFP_248	0.0009801056672711	LogReg
ECFP_4	0.0009786057314638	RF
ECFP_806	0.0009736671971959	RF
ECFP_445	0.0009701339380481	RF
ECFP_20	0.00096979307	XGB
ECFP_73	0.0009693963417383	RF
ECFP_852	0.0009671960382573	RF
ECFP_909	0.0009608194	XGB
ECFP_613	0.0009595954	XGB
ECFP_36	0.0009588141780205	RF
ECFP_296	0.0009586311309201	LogReg
ECFP_468	0.0009581120707851	LogReg
ECFP_912	0.0009551906274286	RF
ECFP_880	0.0009543825794011	LogReg
ECFP_398	0.000952284833612	RF
ECFP_270	0.00095054775	XGB
ECFP_286	0.0009483373429248	LogReg
ECFP_193	0.0009476099967141	RF
ECFP_33	0.0009471683710167	RF
ECFP_744	0.0009465866487653	LogReg
ECFP_26	0.0009456847595375	RF
ECFP_663	0.0009413438650989	LogReg
ECFP_901	0.0009364675198948	LogReg
ECFP_518	0.0009360721135513	LogReg
ECFP_5	0.0009344025905318	RF
ECFP_72	0.0009333672	XGB
ECFP_336	0.0009328161711754	RF
ECFP_632	0.0009296572	XGB
ECFP_878	0.0009265980379829	RF
ECFP_453	0.0009218186176997	RF
ECFP_465	0.0009194359007305	RF
ECFP_882	0.0009194199	XGB
ECFP_148	0.0009180842992998	LogReg
ECFP_268	0.000917497745646	RF
ECFP_307	0.0009170681855773	RF
ECFP_666	0.0009152134173312	LogReg
ECFP_646	0.0009144943348395	RF
ECFP_1004	0.0009131193673607	RF
ECFP_365	0.0009066129	XGB
ECFP_433	0.0009020497150687	RF
ECFP_715	0.0009008087580073	RF
ECFP_695	0.0008991925812228	RF
ECFP_932	0.0008987766377121	RF
ECFP_848	0.0008986558	XGB
ECFP_622	0.0008962006421789	RF
ECFP_154	0.0008946904687141	RF
ECFP_827	0.0008936258394805	RF
ECFP_414	0.0008917021969338	RF
ECFP_972	0.0008902957077139	LogReg
ECFP_617	0.0008897965477382	LogReg
ECFP_1010	0.0008875813	XGB
ECFP_124	0.00088714977	XGB
ECFP_51	0.00088540325	XGB
ECFP_303	0.0008846613928157	LogReg
ECFP_845	0.0008831981164334	RF
ECFP_431	0.0008829646498342	LogReg
ECFP_99	0.0008825471874032	LogReg
ECFP_779	0.0008819786	XGB
ECFP_1001	0.0008816093652042	LogReg
ECFP_55	0.00087745953	XGB
ECFP_754	0.0008768213543544	RF
ECFP_103	0.000875651872367	LogReg
ECFP_796	0.0008751564815395	LogReg
ECFP_382	0.0008749349466335	LogReg
ECFP_702	0.0008721537966104	LogReg
ECFP_151	0.0008712585899953	RF
ECFP_79	0.0008706865300308	RF
ECFP_474	0.0008654711892999	RF
ECFP_867	0.0008630168838916	RF
ECFP_696	0.0008620339799045	LogReg
ECFP_366	0.0008587278381043	RF
ECFP_145	0.0008584053	XGB
ECFP_8	0.0008579918	XGB
ECFP_49	0.0008575767617008	RF
ECFP_809	0.00085656566	XGB
ECFP_887	0.0008558299643077	RF
ECFP_278	0.00085553227899	LogReg
ECFP_747	0.0008554515959193	RF
ECFP_344	0.0008538245734904	LogReg
ECFP_283	0.0008516617232485	RF
ECFP_67	0.0008498019861875	RF
ECFP_777	0.00084764056	XGB
ECFP_12	0.0008434117838422	RF
ECFP_812	0.0008432733680615	LogReg
ECFP_197	0.0008401379986266	RF
ECFP_167	0.0008381972933332	LogReg
ECFP_429	0.0008368293705902	RF
ECFP_436	0.0008367783	XGB
ECFP_7	0.0008363372422484	RF
ECFP_210	0.0008316996293571	RF
ECFP_701	0.00083108136	XGB
ECFP_911	0.00083008746	XGB
ECFP_390	0.00082918024	XGB
ECFP_423	0.0008287133	XGB
ECFP_553	0.0008273685900257	RF
ECFP_1022	0.0008264107178458	LogReg
ECFP_113	0.0008259894	XGB
ECFP_546	0.0008235425679537	RF
ECFP_480	0.0008224393	XGB
ECFP_202	0.0008178846422256	RF
ECFP_94	0.00081649795	XGB
ECFP_966	0.0008157484534884	RF
ECFP_98	0.0008147282175349	LogReg
ECFP_645	0.0008133697060639	LogReg
ECFP_280	0.0008131155	XGB
ECFP_607	0.0008071948024115	RF
ECFP_494	0.0008067859830952	RF
ECFP_908	0.0008066469	XGB
ECFP_62	0.00080581475	XGB
ECFP_745	0.0008044501352682	RF
ECFP_78	0.0007975122826695	RF
ECFP_467	0.0007973213908834	LogReg
ECFP_110	0.0007953876173472	RF
ECFP_195	0.00079436955	XGB
ECFP_539	0.0007942849669624	LogReg
ECFP_527	0.0007921290324647	LogReg
ECFP_304	0.0007920688063328	RF
ECFP_759	0.0007918146595657	RF
ECFP_689	0.0007918059	XGB
ECFP_958	0.0007879514398102	RF
ECFP_584	0.0007878012157858	RF
ECFP_580	0.000787475959677	RF
ECFP_704	0.00078592345	XGB
ECFP_868	0.0007848287236914	LogReg
ECFP_946	0.0007842330883278	RF
ECFP_417	0.0007837418	XGB
ECFP_686	0.00078349747	XGB
ECFP_944	0.0007833261468025	RF
ECFP_735	0.0007804712476571	LogReg
ECFP_133	0.0007803165	XGB
ECFP_256	0.0007800364219574	RF
ECFP_708	0.0007788985982192	RF
ECFP_178	0.0007788300271031	LogReg
ECFP_990	0.0007771725819516	LogReg
ECFP_394	0.0007732111364877	RF
ECFP_220	0.0007705569019669	RF
ECFP_71	0.0007702072754114	RF
ECFP_694	0.0007697877339355	RF
ECFP_551	0.0007688022952649	RF
ECFP_255	0.0007674158710678	RF
ECFP_1014	0.00076703454	XGB
ECFP_105	0.000765346625187	RF
ECFP_141	0.0007624339475873	RF
ECFP_250	0.0007554484197002	RF
ECFP_638	0.00075474306	XGB
ECFP_693	0.0007540391627656	RF
ECFP_802	0.0007492384	XGB
ECFP_123	0.000748829	XGB
ECFP_577	0.0007465128536294	RF
ECFP_823	0.0007452628069691	RF
ECFP_459	0.0007444949579637	LogReg
ECFP_34	0.0007422677698249	RF
ECFP_791	0.000741603477213	LogReg
ECFP_77	0.0007396706689952	RF
ECFP_460	0.0007392579	XGB
ECFP_732	0.0007389601	XGB
ECFP_619	0.0007355140476424	RF
ECFP_212	0.000734680068384	RF
ECFP_692	0.0007341406908329	RF
ECFP_678	0.000733818594179	LogReg
ECFP_385	0.0007335829	XGB
ECFP_884	0.0007295849914238	RF
ECFP_246	0.0007274131628632	RF
ECFP_183	0.0007266892338397	LogReg
ECFP_770	0.0007256205854752	RF
ECFP_192	0.0007255043939558	RF
ECFP_637	0.00072544755	XGB
ECFP_407	0.0007240760040405	RF
ECFP_462	0.0007237375514542	LogReg
ECFP_795	0.0007192586822538	RF
ECFP_550	0.0007188086	XGB
ECFP_615	0.00071858085	XGB
ECFP_189	0.0007151633656442	RF
ECFP_541	0.0007139062317473	RF
ECFP_1007	0.0007113920824424	LogReg
ECFP_503	0.0007099673865444	RF
ECFP_534	0.0007078638290703	RF
ECFP_435	0.0007076943567816	RF
ECFP_570	0.00070499536	XGB
ECFP_2	0.000701491749824	RF
ECFP_395	0.0006998145488459	LogReg
ECFP_768	0.00069579657	XGB
ECFP_368	0.0006955362415481	RF
ECFP_295	0.000692857107481	RF
ECFP_592	0.00069104525	XGB
ECFP_941	0.0006909116127021	RF
ECFP_844	0.0006890760295847	LogReg
ECFP_628	0.0006867828871823	RF
ECFP_992	0.0006863731140042	RF
ECFP_109	0.0006856678948526	RF
ECFP_688	0.000685328124248	LogReg
ECFP_774	0.0006810789006305	LogReg
ECFP_93	0.0006807735	XGB
ECFP_224	0.0006797286	XGB
ECFP_376	0.0006779837653307	RF
ECFP_671	0.0006778958776389	RF
ECFP_763	0.000675570275041	RF
ECFP_918	0.0006743770494897	RF
ECFP_825	0.0006709565629321	RF
ECFP_346	0.0006672645901404	RF
ECFP_226	0.0006664651926795	RF
ECFP_156	0.0006664290595831	LogReg
ECFP_324	0.0006654722409301	RF
ECFP_385	0.0006636964141726	RF
ECFP_347	0.0006626451155051	LogReg
ECFP_360	0.0006619018	XGB
ECFP_920	0.0006615501646837	RF
ECFP_986	0.0006599320589932	RF
ECFP_406	0.0006594947394914	RF
ECFP_956	0.0006576094695335	RF
ECFP_809	0.0006559881879175	RF
ECFP_46	0.0006555027659209	RF
ECFP_246	0.0006552855	XGB
ECFP_555	0.0006534961	XGB
ECFP_799	0.0006532432	XGB
ECFP_43	0.000652083445037	LogReg
ECFP_298	0.0006509914107004	RF
ECFP_555	0.0006509682976943	RF
ECFP_793	0.0006502764675822	LogReg
ECFP_606	0.0006494110933073	RF
ECFP_230	0.000647393984382	LogReg
ECFP_153	0.0006472771593397	LogReg
ECFP_266	0.000645728218609	RF
ECFP_670	0.0006449734724893	RF
ECFP_1015	0.0006434754627195	LogReg
ECFP_639	0.0006423464272552	RF
ECFP_342	0.000642171056396	RF
ECFP_713	0.000641956127531	RF
ECFP_231	0.0006413154068156	RF
ECFP_835	0.00064029044	XGB
ECFP_798	0.0006393369566363	RF
ECFP_337	0.0006389146018497	LogReg
ECFP_585	0.0006381891	XGB
ECFP_252	0.0006362847	XGB
ECFP_652	0.0006358602342507	RF
ECFP_42	0.0006339213585385	RF
ECFP_13	0.0006334341599513	RF
ECFP_781	0.0006299623307364	LogReg
ECFP_360	0.000629018060296	RF
ECFP_215	0.0006288128994937	LogReg
ECFP_45	0.0006287967368428	RF
ECFP_586	0.0006285996851648	RF
ECFP_837	0.0006268139312161	RF
ECFP_976	0.0006252271920838	RF
ECFP_104	0.0006223625	XGB
ECFP_403	0.000620692237647	LogReg
ECFP_610	0.0006190218698106	RF
ECFP_55	0.0006185935087445	RF
ECFP_560	0.0006185769606041	RF
ECFP_975	0.0006160434990445	RF
ECFP_684	0.000614178335042	RF
ECFP_297	0.0006123672712496	RF
ECFP_420	0.0006119568654715	RF
ECFP_557	0.0006096919461683	RF
ECFP_152	0.0006085586533441	RF
ECFP_386	0.0006068747608915	RF
ECFP_442	0.0006064826451047	RF
ECFP_703	0.0006055715677996	RF
ECFP_583	0.000604506431408	RF
ECFP_833	0.0006037416	XGB
ECFP_982	0.00060220505	XGB
ECFP_444	0.0006009256438034	RF
ECFP_791	0.00059740146	XGB
ECFP_589	0.0005969077272091	RF
ECFP_614	0.0005965318445992	LogReg
ECFP_943	0.0005959811136228	LogReg
ECFP_947	0.000595856111782	RF
ECFP_233	0.0005943303684998	RF
ECFP_725	0.0005937796287236	RF
ECFP_913	0.0005907473478937	RF
ECFP_368	0.0005906628	XGB
ECFP_669	0.0005878473766933	RF
ECFP_253	0.0005874082470327	RF
ECFP_819	0.0005841271	XGB
ECFP_188	0.0005839797169041	RF
ECFP_343	0.0005817600177428	RF
ECFP_846	0.0005815812	XGB
ECFP_700	0.0005781430916689	RF
ECFP_848	0.0005780175137615	RF
ECFP_221	0.0005745228416127	RF
ECFP_114	0.0005743286338673	RF
ECFP_784	0.0005729410328822	RF
ECFP_728	0.0005721207572706	RF
ECFP_594	0.0005707628	XGB
ECFP_820	0.0005703827902813	RF
ECFP_949	0.0005694887722208	RF
ECFP_961	0.0005686312134169	RF
ECFP_133	0.0005668808450493	RF
ECFP_842	0.0005650490276726	RF
ECFP_989	0.0005649727496327	RF
ECFP_853	0.0005617563619348	RF
ECFP_24	0.0005613830655786	RF
ECFP_514	0.0005605856729531	LogReg
ECFP_535	0.0005600775469151	RF
ECFP_173	0.0005591369296208	RF
ECFP_980	0.0005566631	XGB
ECFP_45	0.0005556605	XGB
ECFP_417	0.0005552802956489	RF
ECFP_621	0.0005543155417392	RF
ECFP_75	0.0005522394636092	RF
ECFP_677	0.000549096948916	RF
ECFP_100	0.0005463122590715	RF
ECFP_866	0.0005451685880053	LogReg
ECFP_300	0.00054507035422	RF
ECFP_480	0.0005447713832475	RF
ECFP_775	0.0005437951615107	RF
ECFP_974	0.0005433668590471	RF
ECFP_302	0.0005411104991232	RF
ECFP_92	0.0005372856393952	RF
ECFP_426	0.0005369083043896	RF
ECFP_776	0.0005341979499284	RF
ECFP_636	0.0005341747	XGB
ECFP_753	0.0005338243018793	RF
ECFP_554	0.00053350313	XGB
ECFP_565	0.00053312595	XGB
ECFP_680	0.0005322436559959	RF
ECFP_874	0.0005308255658135	RF
ECFP_600	0.0005298929494515	RF
ECFP_443	0.0005279869678474	LogReg
ECFP_761	0.0005279523527362	RF
ECFP_162	0.00052773923	XGB
ECFP_625	0.0005274495050895	RF
ECFP_131	0.0005266653592236	RF
ECFP_191	0.0005244912873046	RF
ECFP_354	0.0005232269401604	RF
ECFP_348	0.0005227744586094	RF
ECFP_32	0.0005195742620686	RF
ECFP_859	0.0005190747626572	RF
ECFP_741	0.0005177927	XGB
ECFP_996	0.00051710167	XGB
ECFP_400	0.0005170991	XGB
ECFP_689	0.0005166712316134	RF
ECFP_275	0.0005163349649251	RF
ECFP_345	0.0005150917188015	RF
ECFP_940	0.0005139487478453	RF
ECFP_106	0.0005112780660541	RF
ECFP_970	0.00051116024	XGB
ECFP_755	0.0005104529	XGB
ECFP_573	0.0005092861140029	RF
ECFP_271	0.0005085727908553	RF
ECFP_908	0.0005079079414065	RF
ECFP_0	0.0005076149680149	RF
ECFP_520	0.0005071581212195	RF
ECFP_960	0.0005059854871841	RF
ECFP_335	0.00050432497	XGB
ECFP_161	0.0005031519844261	LogReg
ECFP_545	0.0005010669181141	RF
ECFP_1006	0.0005009569	XGB
ECFP_872	0.0005007692	XGB
ECFP_454	0.00049994257605	RF
ECFP_424	0.0004992562	XGB
ECFP_473	0.00049844163	XGB
ECFP_509	0.0004980352566499	RF
ECFP_883	0.0004976672284593	RF
ECFP_863	0.0004973202	XGB
ECFP_764	0.0004960026	XGB
ECFP_86	0.0004958261519229	RF
ECFP_205	0.00049476605	XGB
ECFP_318	0.0004944883613465	RF
ECFP_900	0.0004928881834202	RF
ECFP_390	0.0004888530579144	RF
ECFP_955	0.0004883012556349	RF
ECFP_942	0.00048787147	XGB
ECFP_914	0.0004868431525741	RF
ECFP_274	0.0004854285937313	RF
ECFP_272	0.00048536606	XGB
ECFP_808	0.0004840626	XGB
ECFP_144	0.0004839140071083	RF
ECFP_258	0.00048276433	XGB
ECFP_181	0.0004827416	XGB
ECFP_365	0.0004815854979439	RF
ECFP_550	0.0004810093703191	RF
ECFP_720	0.0004809912802763	RF
ECFP_371	0.0004792968885974	RF
ECFP_158	0.0004789036	XGB
ECFP_125	0.000478489	XGB
ECFP_890	0.0004772699162048	RF
ECFP_446	0.00047593223	XGB
ECFP_858	0.00047592842	XGB
ECFP_228	0.0004745107850681	RF
ECFP_126	0.0004736327	XGB
ECFP_786	0.0004735667654976	RF
ECFP_810	0.0004729797160641	LogReg
ECFP_15	0.0004698479073266	RF
ECFP_951	0.0004681703072998	RF
ECFP_651	0.0004673152274547	RF
ECFP_200	0.0004644903	XGB
ECFP_229	0.0004640416166335	RF
ECFP_74	0.00046241088	XGB
ECFP_740	0.000461005363654	RF
ECFP_701	0.0004607786610822	RF
ECFP_1006	0.0004586905407663	RF
ECFP_581	0.0004583428045622	RF
ECFP_973	0.0004578761191396	RF
ECFP_814	0.0004578461	XGB
ECFP_772	0.000457740029274	RF
ECFP_96	0.0004572698241957	RF
ECFP_691	0.0004570310468798	RF
ECFP_633	0.00045544203	XGB
ECFP_519	0.0004543168794916	RF
ECFP_463	0.0004541021363077	RF
ECFP_357	0.0004531505	XGB
ECFP_711	0.0004531084455766	RF
ECFP_500	0.0004529884315426	RF
ECFP_30	0.0004526068	XGB
ECFP_204	0.0004523172424381	RF
ECFP_1011	0.0004494852593728	RF
ECFP_173	0.0004486668	XGB
ECFP_450	0.00044762171	XGB
ECFP_515	0.00044758958	XGB
ECFP_599	0.00044694435	XGB
ECFP_638	0.0004468827119555	RF
ECFP_375	0.0004468801872887	RF
ECFP_709	0.0004466175979467	RF
ECFP_721	0.0004466169151147	RF
ECFP_937	0.000445974971304	RF
ECFP_581	0.00044574373	XGB
ECFP_1017	0.0004453792297886	RF
ECFP_312	0.00044387943	XGB
ECFP_481	0.00044364738	XGB
ECFP_174	0.00044203727	XGB
ECFP_289	0.0004416645305426	RF
ECFP_243	0.00044078837	XGB
ECFP_2	0.00044059046	XGB
ECFP_933	0.0004400138301077	RF
ECFP_597	0.00043910797	XGB
ECFP_548	0.00043889118	XGB
ECFP_559	0.0004386819875719	RF
ECFP_681	0.00043868035	XGB
ECFP_624	0.0004384420005714	RF
ECFP_587	0.0004378080587325	RF
ECFP_364	0.0004368982222748	RF
ECFP_928	0.0004360366800483	RF
ECFP_195	0.0004358862605792	RF
ECFP_861	0.0004358149549953	RF
ECFP_504	0.0004355669827818	RF
ECFP_87	0.0004355281	XGB
ECFP_748	0.0004353017	XGB
ECFP_841	0.0004335046314135	RF
ECFP_790	0.00043152654	XGB
ECFP_218	0.0004306829467651	RF
ECFP_714	0.0004304948539662	RF
ECFP_854	0.0004298771517516	RF
ECFP_601	0.0004292129372427	RF
ECFP_206	0.0004272099417351	RF
ECFP_657	0.0004269147535906	RF
ECFP_380	0.0004267377584914	LogReg
ECFP_986	0.00042616617	XGB
ECFP_139	0.0004260074255644	RF
ECFP_473	0.0004259070588858	RF
ECFP_471	0.0004257421444999	RF
ECFP_327	0.0004257233035161	RF
ECFP_48	0.00042540423	XGB
ECFP_450	0.0004245553706973	RF
ECFP_548	0.0004238477062339	RF
ECFP_409	0.000423556432139	RF
ECFP_442	0.00042291862	XGB
ECFP_357	0.0004223611469242	RF
ECFP_517	0.0004222868063912	RF
ECFP_988	0.00042164186	XGB
ECFP_102	0.0004213521790698	RF
ECFP_186	0.0004201884211346	RF
ECFP_766	0.0004186111921251	LogReg
ECFP_166	0.00041420612	XGB
ECFP_562	0.0004140203155851	RF
ECFP_501	0.0004137545200904	RF
ECFP_769	0.0004131207869165	RF
ECFP_52	0.000413048310488	RF
ECFP_830	0.0004124154394055	RF
ECFP_83	0.000410904	XGB
ECFP_338	0.0004091775281737	RF
ECFP_958	0.0004090977	XGB
ECFP_978	0.000408879606434	RF
ECFP_984	0.000408411571444	RF
ECFP_130	0.0004082262902062	RF
ECFP_741	0.0004080636534567	RF
ECFP_369	0.0004072254468775	RF
ECFP_632	0.0004066615196982	RF
ECFP_950	0.00040602108	XGB
ECFP_280	0.0004055235339373	RF
ECFP_897	0.0004052474736425	RF
ECFP_310	0.0004051809540931	RF
ECFP_485	0.00040304562	XGB
ECFP_410	0.00040203132	XGB
ECFP_752	0.0004009680536656	RF
ECFP_571	0.00039964047	XGB
ECFP_712	0.00039928392	XGB
ECFP_855	0.0003984540019189	RF
ECFP_838	0.000398389458553	RF
ECFP_954	0.0003983726869859	RF
ECFP_247	0.00039794756	XGB
ECFP_814	0.0003966965502447	RF
ECFP_262	0.0003964631	XGB
ECFP_165	0.0003957887284502	RF
ECFP_737	0.0003951766934572	RF
ECFP_112	0.0003951670171393	RF
ECFP_174	0.0003946990498779	RF
ECFP_449	0.0003930740895769	RF
ECFP_757	0.0003925738254708	RF
ECFP_194	0.0003919638704626	RF
ECFP_84	0.0003916790399293	RF
ECFP_97	0.0003900670457522	RF
ECFP_91	0.0003896198263848	RF
ECFP_225	0.0003895016272729	RF
ECFP_822	0.0003879870182636	RF
ECFP_991	0.0003877950826146	RF
ECFP_223	0.0003873030485433	LogReg
ECFP_888	0.0003861561226666	RF
ECFP_434	0.00038527307	XGB
ECFP_259	0.00038524606	XGB
ECFP_833	0.000384973910413	RF
ECFP_902	0.0003849378070824	RF
ECFP_985	0.0003834716471494	RF
ECFP_704	0.0003824683950922	RF
ECFP_492	0.0003823731300616	RF
ECFP_511	0.0003820236237244	RF
ECFP_387	0.0003798191388824	RF
ECFP_507	0.0003771370133716	RF
ECFP_531	0.0003771039648669	RF
ECFP_94	0.0003736990417241	RF
ECFP_783	0.000373578	XGB
ECFP_952	0.0003733690933218	RF
ECFP_479	0.0003725608378105	RF
ECFP_765	0.00037255953	XGB
ECFP_316	0.000371574185611	RF
ECFP_804	0.00037089302	XGB
ECFP_593	0.0003707140301018	RF
ECFP_201	0.0003692007751432	RF
ECFP_661	0.0003689139215977	RF
ECFP_889	0.0003683741	XGB
ECFP_864	0.00036783816	XGB
ECFP_249	0.00036763925813	RF
ECFP_422	0.0003676219520854	RF
ECFP_17	0.0003673327397331	LogReg
ECFP_928	0.0003671436	XGB
ECFP_19	0.0003668043	XGB
ECFP_780	0.0003665756822118	RF
ECFP_185	0.000366274296755	RF
ECFP_149	0.00036530095	XGB
ECFP_411	0.0003642650064024	RF
ECFP_771	0.00036305928	XGB
ECFP_495	0.00036262936	XGB
ECFP_980	0.0003624000088624	RF
ECFP_118	0.0003621472167592	RF
ECFP_999	0.0003603029176787	RF
ECFP_965	0.00035986202	XGB
ECFP_970	0.0003597191008177	RF
ECFP_125	0.0003589636111701	RF
ECFP_299	0.0003579059	XGB
ECFP_593	0.00035707693	XGB
ECFP_563	0.0003561517	XGB
ECFP_66	0.000355556	XGB
ECFP_235	0.0003549847518617	RF
ECFP_163	0.0003541356146486	LogReg
ECFP_939	0.0003531233751103	RF
ECFP_59	0.00035303395	XGB
ECFP_722	0.00035267466	XGB
ECFP_134	0.0003512412380311	RF
ECFP_623	0.0003496658085	RF
ECFP_159	0.0003482816700699	RF
ECFP_281	0.000347517927227	RF
ECFP_267	0.0003473746742523	RF
ECFP_323	0.00034717907	XGB
ECFP_567	0.0003470524909147	RF
ECFP_919	0.000346730850665	RF
ECFP_631	0.00034667435	XGB
ECFP_408	0.0003454840972532	RF
ECFP_764	0.0003453299272896	RF
ECFP_384	0.0003428045311969	RF
ECFP_885	0.0003417787593505	RF
ECFP_27	0.00034138426	XGB
ECFP_1003	0.00034074523	XGB
ECFP_752	0.00033905287	XGB
ECFP_421	0.0003387838041677	RF
ECFP_19	0.0003384969093947	RF
ECFP_168	0.0003381641572737	RF
ECFP_461	0.0003380087183856	RF
ECFP_560	0.0003378259	XGB
ECFP_182	0.0003375208867332	RF
ECFP_488	0.0003375131019203	RF
ECFP_168	0.00033652742	XGB
ECFP_640	0.0003363231944055	RF
ECFP_544	0.0003361927317932	RF
ECFP_613	0.0003360269529589	RF
ECFP_915	0.0003352349738	RF
ECFP_506	0.000334924516858	RF
ECFP_963	0.0003347537300619	RF
ECFP_891	0.000334158111362	RF
ECFP_292	0.0003336750488282	RF
ECFP_971	0.0003336655799832	RF
ECFP_528	0.0003333137370016	RF
ECFP_529	0.0003330560859536	RF
ECFP_724	0.0003328378407479	RF
ECFP_72	0.0003327750277011	RF
ECFP_682	0.00033250806	XGB
ECFP_802	0.0003323930186932	RF
ECFP_107	0.0003314307174767	LogReg
ECFP_262	0.0003313917876358	RF
ECFP_160	0.0003312593008842	RF
ECFP_258	0.0003312094800155	RF
ECFP_591	0.0003305029	XGB
ECFP_466	0.0003300625208713	RF
ECFP_921	0.0003293930411177	RF
ECFP_558	0.0003293782054925	RF
ECFP_817	0.00032902902	XGB
ECFP_800	0.0003288632550539	RF
ECFP_437	0.0003282682799708	RF
ECFP_592	0.0003278671021503	RF
ECFP_564	0.00032734518813	RF
ECFP_413	0.0003256683143155	RF
ECFP_594	0.0003247152134172	RF
ECFP_439	0.0003247011125674	RF
ECFP_727	0.0003239637353355	RF
ECFP_750	0.0003235473367912	RF
ECFP_213	0.0003226099914716	RF
ECFP_116	0.0003225566340888	RF
ECFP_374	0.0003222238563053	RF
ECFP_894	0.0003219390621447	RF
ECFP_808	0.0003217494756789	RF
ECFP_397	0.0003217392203114	RF
ECFP_196	0.0003200576762487	RF
ECFP_676	0.0003190253710747	RF
ECFP_399	0.0003189659737091	RF
ECFP_674	0.0003188900472182	RF
ECFP_863	0.0003183719953815	RF
ECFP_742	0.0003173310622358	RF
ECFP_997	0.0003154313707896	RF
ECFP_495	0.0003152087899822	RF
ECFP_889	0.0003148548030663	RF
ECFP_768	0.0003140159262416	RF
ECFP_54	0.0003132337448398	RF
ECFP_1000	0.0003127800112399	RF
ECFP_208	0.0003125603408629	RF
ECFP_377	0.00031213413	XGB
ECFP_925	0.0003115813776221	RF
ECFP_20	0.0003115119151484	RF
ECFP_53	0.0003111217180765	RF
ECFP_370	0.0003107642948887	RF
ECFP_948	0.0003105777117046	RF
ECFP_309	0.0003105593610703	RF
ECFP_818	0.00030935483	XGB
ECFP_653	0.0003090917555374	RF
ECFP_11	0.0003086076117607	RF
ECFP_217	0.0003080413544607	RF
ECFP_612	0.0003075577125718	RF
ECFP_969	0.000307452552994	RF
ECFP_982	0.0003073998325621	RF
ECFP_430	0.0003070161946314	RF
ECFP_319	0.0003064719791821	RF
ECFP_748	0.0003056254760303	RF
ECFP_938	0.0003054544704838	RF
ECFP_988	0.0003053494991641	RF
ECFP_604	0.0003046609389318	RF
ECFP_869	0.0003042924	XGB
ECFP_236	0.000303513264212	RF
ECFP_858	0.00030238154056	RF
ECFP_999	0.00030229718	XGB
ECFP_687	0.0003019168473226	RF
ECFP_738	0.0003014649148247	RF
ECFP_832	0.0003013528121655	RF
ECFP_62	0.0003013113191112	RF
ECFP_187	0.0003012517419763	RF
ECFP_522	0.0003011818	XGB
ECFP_929	0.0003006684473829	RF
ECFP_697	0.0003006571955701	RF
ECFP_771	0.0002996224359268	RF
ECFP_839	0.0002994541113029	RF
ECFP_760	0.00029939035	XGB
ECFP_329	0.0002981807	XGB
ECFP_649	0.000298133493703	RF
ECFP_653	0.0002975084	XGB
ECFP_532	0.0002975023732495	RF
ECFP_790	0.0002968701202037	RF
ECFP_88	0.000296522	XGB
ECFP_146	0.0002962148713718	RF
ECFP_498	0.0002959032009713	RF
ECFP_817	0.0002929273103696	RF
ECFP_490	0.0002921246415496	RF
ECFP_224	0.0002919417387469	RF
ECFP_799	0.0002910969207446	RF
ECFP_432	0.0002908063916104	RF
ECFP_743	0.0002905652896026	RF
ECFP_31	0.0002901154855702	RF
ECFP_478	0.0002894855245728	RF
ECFP_448	0.0002893874233844	RF
ECFP_987	0.0002892655313213	RF
ECFP_391	0.000289206154408	RF
ECFP_524	0.0002890789737921	RF
ECFP_242	0.000289015002759	RF
ECFP_895	0.0002886460447321	RF
ECFP_240	0.000288422024705	RF
ECFP_93	0.0002883555572253	RF
ECFP_995	0.0002879848387208	RF
ECFP_446	0.0002875793850205	RF
ECFP_285	0.0002874105806385	RF
ECFP_22	0.0002862097814312	RF
ECFP_792	0.0002854167520663	RF
ECFP_199	0.0002853172869056	RF
ECFP_662	0.0002840988809788	RF
ECFP_126	0.0002840160612323	RF
ECFP_597	0.0002833344802765	RF
ECFP_755	0.0002828601919001	RF
ECFP_599	0.0002817242206073	RF
ECFP_882	0.0002813704703123	RF
ECFP_418	0.0002812654477956	LogReg
ECFP_401	0.0002812199835287	RF
ECFP_911	0.000280583360147	RF
ECFP_3	0.0002804681081737	RF
ECFP_964	0.0002800030748778	LogReg
ECFP_813	0.0002796379438532	RF
ECFP_938	0.00027948184	XGB
ECFP_834	0.0002794209598683	RF
ECFP_329	0.0002792035927701	RF
ECFP_909	0.0002788695475752	RF
ECFP_760	0.0002784941872891	RF
ECFP_377	0.0002782845464429	RF
ECFP_234	0.000277991378382	RF
ECFP_731	0.0002770181158551	RF
ECFP_571	0.0002769550112104	RF
ECFP_782	0.0002765323443586	RF
ECFP_679	0.0002758747979233	RF
ECFP_936	0.0002758697891622	RF
ECFP_512	0.0002757665677384	RF
ECFP_525	0.0002757641762483	RF
ECFP_815	0.0002755432910001	RF
ECFP_805	0.0002750657435753	RF
ECFP_864	0.0002746954278138	RF
ECFP_321	0.0002743122191201	RF
ECFP_565	0.0002725133467092	RF
ECFP_61	0.0002724985809796	RF
ECFP_396	0.0002718189	XGB
ECFP_905	0.000269288709159	RF
ECFP_251	0.0002687826285491	RF
ECFP_537	0.0002675448847433	RF
ECFP_953	0.000267362496431	RF
ECFP_630	0.0002665393668511	RF
ECFP_18	0.000266494132979	RF
ECFP_87	0.0002658312533497	RF
ECFP_568	0.0002655062480603	RF
ECFP_81	0.0002652393517516	RF
ECFP_74	0.0002650367342214	RF
ECFP_85	0.0002641639568264	RF
ECFP_412	0.000264156343108	RF
ECFP_554	0.000264152491947	RF
ECFP_352	0.0002637417645583	RF
ECFP_315	0.0002627086735789	RF
ECFP_994	0.0002627024317828	RF
ECFP_591	0.0002612812920338	RF
ECFP_616	0.00026105967	XGB
ECFP_850	0.0002607381843141	RF
ECFP_636	0.0002605530867126	RF
ECFP_359	0.0002597970486248	RF
ECFP_104	0.0002593628296486	RF
ECFP_334	0.00025929627	XGB
ECFP_1021	0.0002587315045031	RF
ECFP_351	0.0002584360684939	RF
ECFP_547	0.0002579273335994	RF
ECFP_265	0.0002565163498065	RF
ECFP_277	0.000256461252402	RF
ECFP_369	0.00025600704	XGB
ECFP_143	0.0002558521969301	RF
ECFP_539	0.0002550287368777	RF
ECFP_733	0.000254747	XGB
ECFP_720	0.00025353418	XGB
ECFP_856	0.0002533868883689	RF
ECFP_48	0.0002530442260528	RF
ECFP_729	0.0002525522331399	RF
ECFP_706	0.0002524167458197	RF
ECFP_664	0.0002522947824991	RF
ECFP_556	0.0002520694036897	RF
ECFP_647	0.0002519344813157	RF
ECFP_198	0.0002513680801369	RF
ECFP_620	0.0002505488917031	RF
ECFP_515	0.0002504056178181	RF
ECFP_603	0.0002500374150451	RF
ECFP_819	0.0002499897868713	RF
ECFP_773	0.0002499625741678	RF
ECFP_521	0.0002497642395675	RF
ECFP_425	0.0002491831270027	RF
ECFP_643	0.0002486993314343	RF
ECFP_734	0.0002485470436436	RF
ECFP_485	0.0002476876266843	RF
ECFP_254	0.0002468831426909	RF
ECFP_441	0.0002467349429325	RF
ECFP_205	0.0002448275103953	RF
ECFP_6	0.000243874606559	RF
ECFP_886	0.0002434905403314	RF
ECFP_317	0.0002431349661358	RF
ECFP_339	0.0002427978353683	RF
ECFP_705	0.0002426785462585	RF
ECFP_145	0.0002422778352159	RF
ECFP_51	0.0002414219591447	RF
ECFP_931	0.000241390612774	RF
ECFP_530	0.0002411344552712	RF
ECFP_40	0.0002410938150088	RF
ECFP_522	0.0002409157806042	RF
ECFP_658	0.0002399458804654	RF
ECFP_56	0.0002390591927516	RF
ECFP_320	0.000238818751966	RF
ECFP_243	0.000238430178589	RF
ECFP_487	0.0002383549381122	RF
ECFP_68	0.0002373292128359	RF
ECFP_122	0.0002371376524059	RF
ECFP_190	0.000237058612883	RF
ECFP_723	0.0002366996432627	RF
ECFP_239	0.0002353937782025	RF
ECFP_983	0.0002351525122877	RF
ECFP_627	0.0002349646185658	RF
ECFP_415	0.0002343225284461	RF
ECFP_277	0.00023420015	XGB
ECFP_181	0.0002337165913103	RF
ECFP_404	0.00023205036	XGB
ECFP_149	0.0002313265184728	RF
ECFP_996	0.0002312462334748	RF
ECFP_436	0.0002312431283089	RF
ECFP_8	0.0002305132581056	RF
ECFP_323	0.0002299438870171	RF
ECFP_95	0.00022961463	XGB
ECFP_124	0.0002292677517294	RF
ECFP_65	0.0002291250963526	RF
ECFP_962	0.0002288404781918	RF
ECFP_818	0.0002286331626158	RF
ECFP_82	0.0002283730404152	RF
ECFP_710	0.0002283650356551	RF
ECFP_21	0.0002282612404337	RF
ECFP_642	0.00022814104	XGB
ECFP_758	0.0002280778785033	RF
ECFP_576	0.000227635423985	RF
ECFP_115	0.0002273225705893	RF
ECFP_481	0.0002273105831178	RF
ECFP_166	0.0002265483512592	RF
ECFP_778	0.0002265205326708	RF
ECFP_157	0.0002264497323259	RF
ECFP_605	0.0002264441136849	RF
ECFP_672	0.0002263953847395	RF
ECFP_609	0.0002252564251279	RF
ECFP_108	0.0002248422778045	RF
ECFP_123	0.0002241216214026	RF
ECFP_69	0.000224114349382	RF
ECFP_1008	0.000224017958727	RF
ECFP_70	0.0002234640667739	RF
ECFP_299	0.0002232683649646	RF
ECFP_682	0.0002226671380439	RF
ECFP_590	0.0002226564558162	RF
ECFP_585	0.0002223507129576	RF
ECFP_353	0.0002212583574099	RF
ECFP_270	0.000219408633966	RF
ECFP_388	0.000218505498545	RF
ECFP_169	0.0002176951589373	RF
ECFP_59	0.0002174362348261	RF
ECFP_326	0.0002172925860837	RF
ECFP_796	0.0002155407115069	RF
ECFP_127	0.0002152335463706	RF
ECFP_683	0.0002150119497634	RF
ECFP_150	0.0002149906652068	RF
ECFP_305	0.0002144359644244	RF
ECFP_916	0.0002141665326986	RF
ECFP_203	0.0002130488415131	RF
ECFP_382	0.0002126972159231	RF
ECFP_851	0.0002105097078067	RF
ECFP_879	0.0002102531361277	RF
ECFP_401	0.0002101978	XGB
ECFP_779	0.0002100206602187	RF
ECFP_387	0.00020996077	XGB
ECFP_287	0.0002090476249179	RF
ECFP_629	0.0002089272005086	RF
ECFP_306	0.0002084181461817	RF
ECFP_455	0.0002080242745657	RF
ECFP_749	0.0002077907818291	RF
ECFP_434	0.0002076357359981	RF
ECFP_824	0.0002075807028389	RF
ECFP_447	0.0002060365115892	RF
ECFP_732	0.000205367760986	RF
ECFP_957	0.0002049452083284	RF
ECFP_89	0.0002034757948965	RF
ECFP_777	0.0002032189691858	RF
ECFP_379	0.0002030643160992	RF
ECFP_860	0.000202716695701	RF
ECFP_290	0.0002019708420206	RF
ECFP_803	0.00020143758	XGB
ECFP_1002	0.0002010127568892	RF
ECFP_259	0.0002001996408051	RF
ECFP_303	0.000199793393557	RF
ECFP_269	0.0001993959675008	RF
ECFP_1009	0.0001991615646719	RF
ECFP_615	0.00019893008955	RF
ECFP_135	0.0001987545322686	RF
ECFP_781	0.0001985379749738	RF
ECFP_835	0.0001983027029752	RF
ECFP_158	0.00019781422076	RF
ECFP_261	0.000197676090422	RF
ECFP_840	0.0001966581416028	RF
ECFP_836	0.0001965322480161	RF
ECFP_626	0.0001962074265241	RF
ECFP_424	0.0001955329613765	RF
ECFP_142	0.0001947624970028	RF
ECFP_642	0.0001944604066052	RF
ECFP_950	0.0001938772921661	RF
ECFP_331	0.0001932115867302	RF
ECFP_111	0.0001930746465506	RF
ECFP_372	0.0001920181336261	RF
ECFP_862	0.0001913248457253	RF
ECFP_476	0.0001912006221106	RF
ECFP_536	0.0001910714609315	RF
ECFP_722	0.000190668745061	RF
ECFP_873	0.00019017623	XGB
ECFP_660	0.000190096638156	RF
ECFP_1014	0.0001900703365561	RF
ECFP_563	0.0001900089243562	RF
ECFP_872	0.0001899739999325	RF
ECFP_76	0.0001893429479028	RF
ECFP_328	0.0001888779253906	RF
ECFP_282	0.0001887052914899	RF
ECFP_260	0.0001875531724714	RF
ECFP_1010	0.0001871881273114	RF
ECFP_180	0.0001869749088807	RF
ECFP_162	0.0001866086878894	RF
ECFP_637	0.0001864676791803	RF
ECFP_868	0.0001860206922411	RF
ECFP_884	0.0001850259	XGB
ECFP_155	0.0001847486078837	RF
ECFP_245	0.0001834525310744	RF
ECFP_120	0.0001829218083007	RF
ECFP_716	0.0001822619075361	RF
ECFP_744	0.0001821217617778	RF
ECFP_273	0.0001815810130312	RF
ECFP_633	0.0001814807771301	RF
ECFP_252	0.0001808585199282	RF
ECFP_340	0.0001806149055827	RF
ECFP_153	0.0001801219648372	RF
ECFP_870	0.0001799188996272	RF
ECFP_783	0.0001798437232027	RF
ECFP_129	0.0001791696586946	RF
ECFP_58	0.0001787238015339	RF
ECFP_765	0.000178099255041	RF
ECFP_423	0.0001780895556882	RF
ECFP_942	0.0001780137216435	RF
ECFP_602	0.0001779415724122	RF
ECFP_337	0.000177673276381	RF
ECFP_510	0.0001774363940077	RF
ECFP_497	0.0001774282252299	RF
ECFP_373	0.0001767326007282	RF
ECFP_400	0.0001767169173312	RF
ECFP_403	0.0001765470910391	RF
ECFP_1020	0.0001763608108263	RF
ECFP_873	0.0001755520816725	RF
ECFP_596	0.0001753966376187	RF
ECFP_312	0.0001744777684771	RF
ECFP_582	0.0001744063372496	RF
ECFP_483	0.0001743182396112	RF
ECFP_88	0.0001740226304154	RF
ECFP_57	0.0001739004678862	RF
ECFP_608	0.0001721957110321	RF
ECFP_542	0.0001715008075234	RF
ECFP_566	0.000170290791793	RF
ECFP_1023	0.0001695930892389	RF
ECFP_903	0.0001692243120117	RF
ECFP_257	0.0001678928190419	RF
ECFP_279	0.0001672887207531	RF
ECFP_399	0.0001672031	XGB
ECFP_812	0.0001670934055239	RF
ECFP_570	0.0001666672926855	RF
ECFP_934	0.0001664572609707	RF
ECFP_113	0.0001662447684686	RF
ECFP_38	0.0001659457175368	RF
ECFP_668	0.0001657268849065	RF
ECFP_332	0.0001653977458701	RF
ECFP_28	0.0001650127250709	RF
ECFP_99	0.0001647832960026	RF
ECFP_475	0.0001644740849648	RF
ECFP_899	0.0001640434830576	RF
ECFP_63	0.0001635940727338	RF
ECFP_717	0.00016315656716	RF
ECFP_248	0.0001625001723749	RF
ECFP_965	0.0001622046010354	RF
ECFP_1005	0.0001619981018761	RF
ECFP_939	0.0001606899	XGB
ECFP_618	0.0001606528672826	RF
ECFP_846	0.0001602312909315	RF
ECFP_278	0.0001595932119945	RF
ECFP_762	0.0001593759760316	RF
ECFP_655	0.0001593500689419	RF
ECFP_410	0.0001582506750956	RF
ECFP_907	0.0001578751344178	RF
ECFP_238	0.0001572987238671	RF
ECFP_826	0.000157101997428	RF
ECFP_906	0.0001565986981027	RF
ECFP_516	0.0001563706848725	RF
ECFP_272	0.00015600074512	RF
ECFP_505	0.0001556223918404	RF
ECFP_569	0.0001553817414189	RF
ECFP_513	0.0001545806267805	RF
ECFP_719	0.0001539888694986	RF
ECFP_865	0.0001539607262535	RF
ECFP_523	0.0001526701128524	RF
ECFP_1003	0.0001523729639687	RF
ECFP_811	0.0001522758047295	RF
ECFP_132	0.0001520967731813	RF
ECFP_1018	0.0001517677809258	RF
ECFP_344	0.0001511219057825	RF
ECFP_330	0.0001505863718543	RF
ECFP_176	0.0001503184129171	RF
ECFP_137	0.0001499713115643	RF
ECFP_789	0.0001497889917264	RF
ECFP_83	0.0001494824577688	RF
ECFP_402	0.0001492608549132	RF
ECFP_405	0.000148884475646	RF
ECFP_50	0.0001483990652393	RF
ECFP_791	0.0001480963627898	RF
ECFP_30	0.0001477817991976	RF
ECFP_892	0.0001477421442322	RF
ECFP_538	0.0001469649758067	RF
ECFP_43	0.0001468305712627	RF
ECFP_616	0.000146695610467	RF
ECFP_95	0.000146637387948	RF
ECFP_264	0.0001464634107885	RF
ECFP_228	0.00014644416	XGB
ECFP_828	0.0001463721617816	RF
ECFP_635	0.000145129991874	RF
ECFP_334	0.0001451103545805	RF
ECFP_29	0.0001450263924995	RF
ECFP_804	0.00014392735613	RF
ECFP_241	0.000143893812446	RF
ECFP_598	0.0001434530792727	RF
ECFP_685	0.0001431608395282	RF
ECFP_358	0.0001423552714669	RF
ECFP_457	0.0001423427634475	RF
ECFP_499	0.0001420230633895	RF
ECFP_696	0.0001419092459094	RF
ECFP_164	0.0001418131244739	RF
ECFP_35	0.0001409270437731	RF
ECFP_496	0.0001394739990728	RF
ECFP_1016	0.0001386057455946	RF
ECFP_871	0.0001383363094028	RF
ECFP_335	0.0001372698820268	RF
ECFP_1013	0.000137071505523	RF
ECFP_177	0.0001368756560158	RF
ECFP_572	0.0001362361329777	RF
ECFP_877	0.0001355755946626	RF
ECFP_648	0.0001355619738078	RF
ECFP_103	0.0001349411882904	RF
ECFP_98	0.0001348012778886	RF
ECFP_467	0.0001347351273971	RF
ECFP_440	0.0001344400368398	RF
ECFP_690	0.000134337476575	RF
ECFP_438	0.0001342054187416	RF
ECFP_211	0.0001339117176547	RF
ECFP_678	0.0001332484868986	RF
ECFP_756	0.0001331705746717	RF
ECFP_803	0.0001330971663974	RF
ECFP_209	0.0001324878836892	RF
ECFP_427	0.0001323208560707	RF
ECFP_293	0.0001321428214045	RF
ECFP_686	0.0001294661796969	RF
ECFP_313	0.0001291870652029	RF
ECFP_595	0.0001291429049219	RF
ECFP_945	0.0001290737116419	RF
ECFP_968	0.0001287585596075	RF
ECFP_469	0.000128651447078	RF
ECFP_810	0.0001275317438632	RF
ECFP_631	0.0001272504682454	RF
ECFP_869	0.0001238858743346	RF
ECFP_16	0.0001235517342516	RF
ECFP_404	0.0001231326926702	RF
ECFP_395	0.0001230530633103	RF
ECFP_847	0.0001228510785423	RF
ECFP_821	0.0001227597796518	RF
ECFP_746	0.0001224675015964	RF
ECFP_232	0.0001214397466863	RF
ECFP_844	0.000121289477068	RF
ECFP_247	0.0001211802498277	RF
ECFP_644	0.0001203553752999	RF
ECFP_514	0.0001202625774813	RF
ECFP_508	0.0001199724534309	RF
ECFP_396	0.0001187869813374	RF
ECFP_663	0.0001176137307351	RF
ECFP_223	0.0001151039552014	RF
ECFP_244	0.0001149219604381	RF
ECFP_44	0.0001145036039524	RF
ECFP_291	0.0001140338161284	RF
ECFP_276	0.0001137828400481	RF
ECFP_733	0.0001123787843312	RF
ECFP_363	0.0001121860315572	RF
ECFP_712	0.0001113272071249	RF
ECFP_617	0.0001112334520183	RF
ECFP_25	0.0001110217733266	RF
ECFP_60	0.0001102797452483	RF
ECFP_681	0.0001099511434074	RF
ECFP_735	0.0001092632037554	RF
ECFP_66	0.0001089474558245	RF
ECFP_518	0.0001075599480375	RF
ECFP_688	0.0001074531054476	RF
ECFP_614	0.0001070589525002	RF
ECFP_296	0.0001055585659231	RF
ECFP_910	0.0001053288104587	RF
ECFP_930	0.000105005157329	RF
ECFP_468	0.0001042598626238	RF
ECFP_462	0.0001042071791126	RF
ECFP_654	0.0001035266414759	RF
ECFP_156	0.0001031149482699	RF
ECFP_431	0.0001012634327005	RF
ECFP_286	0.0001011833251383	RF
ECFP_788	0.0001010889737478	RF
ECFP_645	0.0001007186661926	RF
ECFP_1007	0.0001006834864785	RF
ECFP_876	0.0001006555680161	RF
ECFP_1015	0.0001006457492142	RF
ECFP_611	9.921045694809662e-05	RF
ECFP_527	9.816464240679224e-05	RF
ECFP_472	9.79647670270262e-05	RF
ECFP_27	9.708900192843536e-05	RF
ECFP_101	9.661841424222616e-05	RF
ECFP_990	9.577735609771916e-05	RF
ECFP_964	9.505150449924732e-05	RF
ECFP_959	9.493292408178778e-05	RF
ECFP_172	9.482132840473562e-05	RF
ECFP_924	9.368090461033194e-05	RF
ECFP_702	9.315876580782452e-05	RF
ECFP_107	9.280902408803484e-05	RF
ECFP_977	9.123862953271998e-05	RF
ECFP_380	9.07808983453754e-05	RF
ECFP_972	8.996378659080965e-05	RF
ECFP_943	8.910248217703665e-05	RF
ECFP_880	8.710113789953704e-05	RF
ECFP_1022	8.656260504862721e-05	RF
ECFP_1001	8.61017632957899e-05	RF
ECFP_39	8.578791883178644e-05	RF
ECFP_418	8.532005006334207e-05	RF
ECFP_793	8.519711573731291e-05	RF
ECFP_347	8.464982371902289e-05	RF
ECFP_161	8.376410002019751e-05	RF
ECFP_170	8.216081231446267e-05	RF
ECFP_477	8.012326953737302e-05	LogReg
ECFP_666	7.897753786050329e-05	RF
ECFP_797	7.845904456963767e-05	RF
ECFP_443	7.836937065809336e-05	RF
ECFP_163	7.761814485913958e-05	RF
ECFP_766	7.684971021386512e-05	RF
ECFP_183	7.673966180262709e-05	RF
ECFP_574	7.640208844687295e-05	RF
ECFP_215	7.497943542562821e-05	RF
ECFP_774	7.37093603112267e-05	RF
ECFP_148	7.196944008549877e-05	RF
ECFP_17	7.109349375743497e-05	RF
ECFP_634	6.611269621825181e-05	RF
ECFP_178	6.503037261939471e-05	RF
ECFP_230	6.381616923881158e-05	RF
ECFP_459	6.121308512909792e-05	RF
ECFP_167	6.114935164770442e-05	RF
ECFP_901	5.703464416353627e-05	RF
ECFP_866	4.920813660176193e-05	RF
ECFP_477	2.9774818779477053e-05	RF
ECFP_991	0.0	XGB
ECFP_990	0.0	XGB
ECFP_987	0.0	XGB
ECFP_847	0.0	XGB
ECFP_983	0.0	XGB
ECFP_985	0.0	XGB
ECFP_850	0.0	XGB
ECFP_822	0.0	XGB
ECFP_977	0.0	XGB
ECFP_972	0.0	XGB
ECFP_968	0.0	XGB
ECFP_851	0.0	XGB
ECFP_821	0.0	XGB
ECFP_773	0.0	XGB
ECFP_874	0.0	XGB
ECFP_995	0.0	XGB
ECFP_766	0.0	XGB
ECFP_828	0.0	XGB
ECFP_1022	0.0	XGB
ECFP_1021	0.0	XGB
ECFP_1020	0.0	XGB
ECFP_836	0.0	XGB
ECFP_1018	0.0	XGB
ECFP_756	0.0	XGB
ECFP_1016	0.0	XGB
ECFP_757	0.0	XGB
ECFP_1015	0.0	XGB
ECFP_1013	0.0	XGB
ECFP_839	0.0	XGB
ECFP_1009	0.0	XGB
ECFP_1008	0.0	XGB
ECFP_1007	0.0	XGB
ECFP_762	0.0	XGB
ECFP_1005	0.0	XGB
ECFP_826	0.0	XGB
ECFP_963	0.0	XGB
ECFP_824	0.0	XGB
ECFP_844	0.0	XGB
ECFP_1002	0.0	XGB
ECFP_1001	0.0	XGB
ECFP_1000	0.0	XGB
ECFP_997	0.0	XGB
ECFP_964	0.0	XGB
ECFP_854	0.0	XGB
ECFP_962	0.0	XGB
ECFP_811	0.0	XGB
ECFP_899	0.0	XGB
ECFP_895	0.0	XGB
ECFP_894	0.0	XGB
ECFP_861	0.0	XGB
ECFP_788	0.0	XGB
ECFP_862	0.0	XGB
ECFP_892	0.0	XGB
ECFP_865	0.0	XGB
ECFP_813	0.0	XGB
ECFP_812	0.0	XGB
ECFP_793	0.0	XGB
ECFP_810	0.0	XGB
ECFP_901	0.0	XGB
ECFP_866	0.0	XGB
ECFP_868	0.0	XGB
ECFP_796	0.0	XGB
ECFP_797	0.0	XGB
ECFP_870	0.0	XGB
ECFP_805	0.0	XGB
ECFP_871	0.0	XGB
ECFP_880	0.0	XGB
ECFP_800	0.0	XGB
ECFP_877	0.0	XGB
ECFP_876	0.0	XGB
ECFP_900	0.0	XGB
ECFP_902	0.0	XGB
ECFP_774	0.0	XGB
ECFP_856	0.0	XGB
ECFP_775	0.0	XGB
ECFP_959	0.0	XGB
ECFP_957	0.0	XGB
ECFP_952	0.0	XGB
ECFP_951	0.0	XGB
ECFP_948	0.0	XGB
ECFP_945	0.0	XGB
ECFP_943	0.0	XGB
ECFP_934	0.0	XGB
ECFP_778	0.0	XGB
ECFP_930	0.0	XGB
ECFP_929	0.0	XGB
ECFP_903	0.0	XGB
ECFP_925	0.0	XGB
ECFP_924	0.0	XGB
ECFP_921	0.0	XGB
ECFP_920	0.0	XGB
ECFP_916	0.0	XGB
ECFP_910	0.0	XGB
ECFP_859	0.0	XGB
ECFP_781	0.0	XGB
ECFP_907	0.0	XGB
ECFP_906	0.0	XGB
ECFP_905	0.0	XGB
ECFP_789	0.0	XGB
ECFP_223	0.0	XGB
ECFP_746	0.0	XGB
ECFP_313	0.0	XGB
ECFP_50	0.0	XGB
ECFP_326	0.0	XGB
ECFP_54	0.0	XGB
ECFP_56	0.0	XGB
ECFP_57	0.0	XGB
ECFP_58	0.0	XGB
ECFP_321	0.0	XGB
ECFP_60	0.0	XGB
ECFP_63	0.0	XGB
ECFP_65	0.0	XGB
ECFP_69	0.0	XGB
ECFP_70	0.0	XGB
ECFP_315	0.0	XGB
ECFP_73	0.0	XGB
ECFP_76	0.0	XGB
ECFP_44	0.0	XGB
ECFP_81	0.0	XGB
ECFP_85	0.0	XGB
ECFP_89	0.0	XGB
ECFP_98	0.0	XGB
ECFP_306	0.0	XGB
ECFP_99	0.0	XGB
ECFP_101	0.0	XGB
ECFP_303	0.0	XGB
ECFP_103	0.0	XGB
ECFP_107	0.0	XGB
ECFP_108	0.0	XGB
ECFP_111	0.0	XGB
ECFP_120	0.0	XGB
ECFP_122	0.0	XGB
ECFP_328	0.0	XGB
ECFP_330	0.0	XGB
ECFP_744	0.0	XGB
ECFP_25	0.0	XGB
ECFP_379	0.0	XGB
ECFP_375	0.0	XGB
ECFP_373	0.0	XGB
ECFP_372	0.0	XGB
ECFP_370	0.0	XGB
ECFP_363	0.0	XGB
ECFP_358	0.0	XGB
ECFP_6	0.0	XGB
ECFP_16	0.0	XGB
ECFP_353	0.0	XGB
ECFP_17	0.0	XGB
ECFP_351	0.0	XGB
ECFP_18	0.0	XGB
ECFP_22	0.0	XGB
ECFP_347	0.0	XGB
ECFP_331	0.0	XGB
ECFP_346	0.0	XGB
ECFP_28	0.0	XGB
ECFP_344	0.0	XGB
ECFP_29	0.0	XGB
ECFP_31	0.0	XGB
ECFP_35	0.0	XGB
ECFP_340	0.0	XGB
ECFP_339	0.0	XGB
ECFP_38	0.0	XGB
ECFP_337	0.0	XGB
ECFP_39	0.0	XGB
ECFP_40	0.0	XGB
ECFP_43	0.0	XGB
ECFP_332	0.0	XGB
ECFP_296	0.0	XGB
ECFP_127	0.0	XGB
ECFP_129	0.0	XGB
ECFP_244	0.0	XGB
ECFP_178	0.0	XGB
ECFP_257	0.0	XGB
ECFP_180	0.0	XGB
ECFP_183	0.0	XGB
ECFP_254	0.0	XGB
ECFP_185	0.0	XGB
ECFP_186	0.0	XGB
ECFP_190	0.0	XGB
ECFP_196	0.0	XGB
ECFP_198	0.0	XGB
ECFP_248	0.0	XGB
ECFP_199	0.0	XGB
ECFP_201	0.0	XGB
ECFP_206	0.0	XGB
ECFP_209	0.0	XGB
ECFP_293	0.0	XGB
ECFP_211	0.0	XGB
ECFP_241	0.0	XGB
ECFP_240	0.0	XGB
ECFP_213	0.0	XGB
ECFP_238	0.0	XGB
ECFP_215	0.0	XGB
ECFP_236	0.0	XGB
ECFP_235	0.0	XGB
ECFP_234	0.0	XGB
ECFP_217	0.0	XGB
ECFP_232	0.0	XGB
ECFP_218	0.0	XGB
ECFP_230	0.0	XGB
ECFP_229	0.0	XGB
ECFP_177	0.0	XGB
ECFP_260	0.0	XGB
ECFP_261	0.0	XGB
ECFP_176	0.0	XGB
ECFP_132	0.0	XGB
ECFP_291	0.0	XGB
ECFP_290	0.0	XGB
ECFP_137	0.0	XGB
ECFP_142	0.0	XGB
ECFP_287	0.0	XGB
ECFP_286	0.0	XGB
ECFP_143	0.0	XGB
ECFP_146	0.0	XGB
ECFP_148	0.0	XGB
ECFP_153	0.0	XGB
ECFP_155	0.0	XGB
ECFP_156	0.0	XGB
ECFP_279	0.0	XGB
ECFP_278	0.0	XGB
ECFP_276	0.0	XGB
ECFP_157	0.0	XGB
ECFP_159	0.0	XGB
ECFP_273	0.0	XGB
ECFP_160	0.0	XGB
ECFP_161	0.0	XGB
ECFP_163	0.0	XGB
ECFP_269	0.0	XGB
ECFP_164	0.0	XGB
ECFP_167	0.0	XGB
ECFP_169	0.0	XGB
ECFP_170	0.0	XGB
ECFP_264	0.0	XGB
ECFP_172	0.0	XGB
ECFP_380	0.0	XGB
ECFP_382	0.0	XGB
ECFP_394	0.0	XGB
ECFP_617	0.0	XGB
ECFP_648	0.0	XGB
ECFP_645	0.0	XGB
ECFP_644	0.0	XGB
ECFP_643	0.0	XGB
ECFP_639	0.0	XGB
ECFP_635	0.0	XGB
ECFP_634	0.0	XGB
ECFP_630	0.0	XGB
ECFP_629	0.0	XGB
ECFP_627	0.0	XGB
ECFP_626	0.0	XGB
ECFP_621	0.0	XGB
ECFP_620	0.0	XGB
ECFP_618	0.0	XGB
ECFP_614	0.0	XGB
ECFP_574	0.0	XGB
ECFP_612	0.0	XGB
ECFP_611	0.0	XGB
ECFP_609	0.0	XGB
ECFP_608	0.0	XGB
ECFP_605	0.0	XGB
ECFP_604	0.0	XGB
ECFP_603	0.0	XGB
ECFP_602	0.0	XGB
ECFP_601	0.0	XGB
ECFP_598	0.0	XGB
ECFP_596	0.0	XGB
ECFP_595	0.0	XGB
ECFP_590	0.0	XGB
ECFP_582	0.0	XGB
ECFP_651	0.0	XGB
ECFP_654	0.0	XGB
ECFP_655	0.0	XGB
ECFP_658	0.0	XGB
ECFP_743	0.0	XGB
ECFP_742	0.0	XGB
ECFP_738	0.0	XGB
ECFP_735	0.0	XGB
ECFP_734	0.0	XGB
ECFP_731	0.0	XGB
ECFP_729	0.0	XGB
ECFP_727	0.0	XGB
ECFP_723	0.0	XGB
ECFP_719	0.0	XGB
ECFP_717	0.0	XGB
ECFP_716	0.0	XGB
ECFP_711	0.0	XGB
ECFP_710	0.0	XGB
ECFP_706	0.0	XGB
ECFP_702	0.0	XGB
ECFP_697	0.0	XGB
ECFP_696	0.0	XGB
ECFP_688	0.0	XGB
ECFP_685	0.0	XGB
ECFP_683	0.0	XGB
ECFP_678	0.0	XGB
ECFP_676	0.0	XGB
ECFP_670	0.0	XGB
ECFP_668	0.0	XGB
ECFP_666	0.0	XGB
ECFP_664	0.0	XGB
ECFP_663	0.0	XGB
ECFP_660	0.0	XGB
ECFP_576	0.0	XGB
ECFP_572	0.0	XGB
ECFP_395	0.0	XGB
ECFP_440	0.0	XGB
ECFP_476	0.0	XGB
ECFP_475	0.0	XGB
ECFP_472	0.0	XGB
ECFP_471	0.0	XGB
ECFP_469	0.0	XGB
ECFP_468	0.0	XGB
ECFP_467	0.0	XGB
ECFP_462	0.0	XGB
ECFP_459	0.0	XGB
ECFP_457	0.0	XGB
ECFP_455	0.0	XGB
ECFP_449	0.0	XGB
ECFP_447	0.0	XGB
ECFP_443	0.0	XGB
ECFP_439	0.0	XGB
ECFP_569	0.0	XGB
ECFP_438	0.0	XGB
ECFP_437	0.0	XGB
ECFP_431	0.0	XGB
ECFP_430	0.0	XGB
ECFP_427	0.0	XGB
ECFP_426	0.0	XGB
ECFP_425	0.0	XGB
ECFP_418	0.0	XGB
ECFP_415	0.0	XGB
ECFP_413	0.0	XGB
ECFP_411	0.0	XGB
ECFP_405	0.0	XGB
ECFP_403	0.0	XGB
ECFP_402	0.0	XGB
ECFP_477	0.0	XGB
ECFP_478	0.0	XGB
ECFP_487	0.0	XGB
ECFP_490	0.0	XGB
ECFP_567	0.0	XGB
ECFP_566	0.0	XGB
ECFP_558	0.0	XGB
ECFP_544	0.0	XGB
ECFP_542	0.0	XGB
ECFP_539	0.0	XGB
ECFP_538	0.0	XGB
ECFP_537	0.0	XGB
ECFP_536	0.0	XGB
ECFP_532	0.0	XGB
ECFP_530	0.0	XGB
ECFP_527	0.0	XGB
ECFP_525	0.0	XGB
ECFP_523	0.0	XGB
ECFP_521	0.0	XGB
ECFP_520	0.0	XGB
ECFP_518	0.0	XGB
ECFP_517	0.0	XGB
ECFP_516	0.0	XGB
ECFP_514	0.0	XGB
ECFP_513	0.0	XGB
ECFP_510	0.0	XGB
ECFP_509	0.0	XGB
ECFP_508	0.0	XGB
ECFP_505	0.0	XGB
ECFP_500	0.0	XGB
ECFP_499	0.0	XGB
ECFP_497	0.0	XGB
ECFP_496	0.0	XGB
ECFP_1023	0.0	XGB
