Feature	MeanAbsSHAP_RF
SMILES	0.006820775233171211
ECFP_0	0.0005076149680149137
ECFP_1	0.0060812422636054575
ECFP_2	0.0007014917498240649
ECFP_3	0.00028046810817375557
ECFP_4	0.0009786057314638023
ECFP_5	0.0009344025905318867
ECFP_6	0.00024387460655902956
ECFP_7	0.000836337242248461
ECFP_8	0.0002305132581056551
ECFP_9	0.0015904921329696232
ECFP_10	0.001623231854568033
ECFP_11	0.00030860761176078105
ECFP_12	0.0008434117838422919
ECFP_13	0.0006334341599513949
ECFP_14	0.0017525697662317305
ECFP_15	0.00046984790732669415
ECFP_16	0.0001235517342516598
ECFP_17	7.109349375743497e-05
ECFP_18	0.00026649413297906736
ECFP_19	0.0003384969093947783
ECFP_20	0.000311511915148435
ECFP_21	0.0002282612404337693
ECFP_22	0.0002862097814312309
ECFP_23	0.0010597757647586065
ECFP_24	0.0005613830655786333
ECFP_25	0.00011102177332667339
ECFP_26	0.0009456847595375212
ECFP_27	9.708900192843535e-05
ECFP_28	0.00016501272507099402
ECFP_29	0.00014502639249952833
ECFP_30	0.0001477817991976546
ECFP_31	0.00029011548557020543
ECFP_32	0.0005195742620686068
ECFP_33	0.0009471683710167385
ECFP_34	0.0007422677698249842
ECFP_35	0.00014092704377312426
ECFP_36	0.0009588141780205644
ECFP_37	0.0012233962297491937
ECFP_38	0.0001659457175368567
ECFP_39	8.578791883178644e-05
ECFP_40	0.00024109381500880643
ECFP_41	0.0022815698097618203
ECFP_42	0.0006339213585385782
ECFP_43	0.00014683057126271706
ECFP_44	0.00011450360395246425
ECFP_45	0.0006287967368428851
ECFP_46	0.0006555027659209329
ECFP_47	0.0010148085599498452
ECFP_48	0.00025304422605281157
ECFP_49	0.0008575767617008057
ECFP_50	0.00014839906523933294
ECFP_51	0.00024142195914475263
ECFP_52	0.00041304831048809173
ECFP_53	0.00031112171807655685
ECFP_54	0.0003132337448398575
ECFP_55	0.0006185935087445332
ECFP_56	0.00023905919275162102
ECFP_57	0.00017390046788625418
ECFP_58	0.00017872380153398468
ECFP_59	0.00021743623482611021
ECFP_60	0.00011027974524838544
ECFP_61	0.00027249858097966876
ECFP_62	0.00030131131911123935
ECFP_63	0.00016359407273385348
ECFP_64	0.001557332199780701
ECFP_65	0.00022912509635264274
ECFP_66	0.00010894745582450789
ECFP_67	0.0008498019861875575
ECFP_68	0.00023732921283592897
ECFP_69	0.0002241143493820786
ECFP_70	0.0002234640667739593
ECFP_71	0.0007702072754114037
ECFP_72	0.00033277502770114807
ECFP_73	0.0009693963417383272
ECFP_74	0.00026503673422142846
ECFP_75	0.0005522394636092965
ECFP_76	0.00018934294790280137
ECFP_77	0.0007396706689952754
ECFP_78	0.0007975122826695749
ECFP_79	0.0008706865300308851
ECFP_80	0.00711133397151936
ECFP_81	0.0002652393517516314
ECFP_82	0.00022837304041526118
ECFP_83	0.00014948245776882823
ECFP_84	0.0003916790399293603
ECFP_85	0.0002641639568264063
ECFP_86	0.0004958261519229154
ECFP_87	0.0002658312533497217
ECFP_88	0.00017402263041548915
ECFP_89	0.00020347579489656095
ECFP_90	0.0016647424958825742
ECFP_91	0.00038961982638481855
ECFP_92	0.0005372856393952147
ECFP_93	0.0002883555572253848
ECFP_94	0.00037369904172412395
ECFP_95	0.00014663738794808942
ECFP_96	0.00045726982419576275
ECFP_97	0.00039006704575229016
ECFP_98	0.000134801277888649
ECFP_99	0.00016478329600269533
ECFP_100	0.0005463122590715498
ECFP_101	9.661841424222616e-05
ECFP_102	0.0004213521790698083
ECFP_103	0.0001349411882904069
ECFP_104	0.00025936282964869216
ECFP_105	0.0007653466251870093
ECFP_106	0.0005112780660541325
ECFP_107	9.280902408803483e-05
ECFP_108	0.00022484227780452813
ECFP_109	0.0006856678948526057
ECFP_110	0.0007953876173472183
ECFP_111	0.00019307464655061212
ECFP_112	0.00039516701713935675
ECFP_113	0.0001662447684686937
ECFP_114	0.0005743286338673241
ECFP_115	0.00022732257058939812
ECFP_116	0.00032255663408886463
ECFP_117	0.001214823630147952
ECFP_118	0.00036214721675926446
ECFP_119	0.0017861831766923773
ECFP_120	0.0001829218083007787
ECFP_121	0.0016978861735512773
ECFP_122	0.00023713765240593342
ECFP_123	0.00022412162140263416
ECFP_124	0.00022926775172945474
ECFP_125	0.00035896361117013144
ECFP_126	0.0002840160612323757
ECFP_127	0.00021523354637062973
ECFP_128	0.001641899117198768
ECFP_129	0.00017916965869466635
ECFP_130	0.0004082262902062496
ECFP_131	0.0005266653592236027
ECFP_132	0.0001520967731813346
ECFP_133	0.0005668808450493021
ECFP_134	0.00035124123803110635
ECFP_135	0.0001987545322686554
ECFP_136	0.0021477178007424367
ECFP_137	0.0001499713115643504
ECFP_138	0.0010673318444300584
ECFP_139	0.00042600742556446036
ECFP_140	0.0011204724668867321
ECFP_141	0.0007624339475873046
ECFP_142	0.00019476249700285683
ECFP_143	0.0002558521969301004
ECFP_144	0.00048391400710833324
ECFP_145	0.0002422778352159409
ECFP_146	0.0002962148713718028
ECFP_147	0.001544840382174366
ECFP_148	7.196944008549877e-05
ECFP_149	0.00023132651847287974
ECFP_150	0.00021499066520682802
ECFP_151	0.000871258589995382
ECFP_152	0.0006085586533441487
ECFP_153	0.00018012196483728582
ECFP_154	0.0008946904687141416
ECFP_155	0.00018474860788377664
ECFP_156	0.00010311494826993996
ECFP_157	0.0002264497323259041
ECFP_158	0.00019781422076002223
ECFP_159	0.00034828167006996244
ECFP_160	0.0003312593008842191
ECFP_161	8.376410002019751e-05
ECFP_162	0.00018660868788948382
ECFP_163	7.761814485913958e-05
ECFP_164	0.00014181312447398726
ECFP_165	0.00039578872845023134
ECFP_166	0.00022654835125929961
ECFP_167	6.114935164770442e-05
ECFP_168	0.0003381641572737519
ECFP_169	0.00021769515893735948
ECFP_170	8.216081231446267e-05
ECFP_171	0.001308416042112135
ECFP_172	9.482132840473562e-05
ECFP_173	0.0005591369296208639
ECFP_174	0.0003946990498779959
ECFP_175	0.0012815918562409964
ECFP_176	0.00015031841291719442
ECFP_177	0.0001368756560158136
ECFP_178	6.503037261939471e-05
ECFP_179	0.0017513466428729096
ECFP_180	0.00018697490888072845
ECFP_181	0.0002337165913103492
ECFP_182	0.00033752088673321974
ECFP_183	7.673966180262709e-05
ECFP_184	0.0013218446206390857
ECFP_185	0.0003662742967550034
ECFP_186	0.0004201884211346124
ECFP_187	0.00030125174197634543
ECFP_188	0.0005839797169041747
ECFP_189	0.0007151633656442633
ECFP_190	0.00023705861288304575
ECFP_191	0.0005244912873046555
ECFP_192	0.0007255043939558373
ECFP_193	0.0009476099967141964
ECFP_194	0.00039196387046266343
ECFP_195	0.000435886260579265
ECFP_196	0.0003200576762487016
ECFP_197	0.0008401379986266543
ECFP_198	0.0002513680801369455
ECFP_199	0.00028531728690561064
ECFP_200	0.001258717196098018
ECFP_201	0.000369200775143205
ECFP_202	0.0008178846422256282
ECFP_203	0.0002130488415131442
ECFP_204	0.0004523172424381769
ECFP_205	0.0002448275103953383
ECFP_206	0.0004272099417351134
ECFP_207	0.0022604003428558245
ECFP_208	0.00031256034086298544
ECFP_209	0.00013248788368925164
ECFP_210	0.0008316996293571101
ECFP_211	0.00013391171765473475
ECFP_212	0.000734680068384047
ECFP_213	0.000322609991471655
ECFP_214	0.0012661955590187674
ECFP_215	7.497943542562821e-05
ECFP_216	0.0010426365166032931
ECFP_217	0.0003080413544607841
ECFP_218	0.0004306829467651205
ECFP_219	0.0013475233059102166
ECFP_220	0.0007705569019669399
ECFP_221	0.0005745228416127454
ECFP_222	0.0024239139401337918
ECFP_223	0.00011510395520140434
ECFP_224	0.0002919417387469516
ECFP_225	0.00038950162727292273
ECFP_226	0.0006664651926795372
ECFP_227	0.0036449888508476662
ECFP_228	0.0004745107850681582
ECFP_229	0.000464041616633591
ECFP_230	6.381616923881158e-05
ECFP_231	0.0006413154068156151
ECFP_232	0.0001214397466863277
ECFP_233	0.000594330368499823
ECFP_234	0.0002779913783820229
ECFP_235	0.000354984751861752
ECFP_236	0.0003035132642120105
ECFP_237	0.0034513055180372927
ECFP_238	0.0001572987238671439
ECFP_239	0.00023539377820253488
ECFP_240	0.0002884220247050894
ECFP_241	0.00014389381244601826
ECFP_242	0.00028901500275900114
ECFP_243	0.00023843017858903373
ECFP_244	0.00011492196043812623
ECFP_245	0.00018345253107444553
ECFP_246	0.0007274131628632508
ECFP_247	0.00012118024982778648
ECFP_248	0.00016250017237490834
ECFP_249	0.0003676392581300084
ECFP_250	0.000755448419700213
ECFP_251	0.00026878262854911886
ECFP_252	0.0001808585199282397
ECFP_253	0.0005874082470327169
ECFP_254	0.0002468831426909537
ECFP_255	0.000767415871067893
ECFP_256	0.0007800364219574457
ECFP_257	0.00016789281904191144
ECFP_258	0.00033120948001554983
ECFP_259	0.00020019964080512055
ECFP_260	0.00018755317247148807
ECFP_261	0.00019767609042206955
ECFP_262	0.0003313917876358501
ECFP_263	0.0011666213996110518
ECFP_264	0.00014646341078851168
ECFP_265	0.0002565163498065282
ECFP_266	0.0006457282186090983
ECFP_267	0.00034737467425239145
ECFP_268	0.000917497745646018
ECFP_269	0.000199395967500836
ECFP_270	0.00021940863396608824
ECFP_271	0.0005085727908553379
ECFP_272	0.00015600074512001015
ECFP_273	0.00018158101303126142
ECFP_274	0.00048542859373137395
ECFP_275	0.000516334964925191
ECFP_276	0.0001137828400481376
ECFP_277	0.00025646125240205437
ECFP_278	0.00015959321199450697
ECFP_279	0.00016728872075312868
ECFP_280	0.00040552353393735004
ECFP_281	0.00034751792722701326
ECFP_282	0.0001887052914899383
ECFP_283	0.0008516617232485084
ECFP_284	0.0032645852443361316
ECFP_285	0.0002874105806385301
ECFP_286	0.00010118332513837064
ECFP_287	0.00020904762491796942
ECFP_288	0.0015600544601335213
ECFP_289	0.00044166453054267623
ECFP_290	0.00020197084202063187
ECFP_291	0.00011403381612846075
ECFP_292	0.00033367504882829836
ECFP_293	0.0001321428214045735
ECFP_294	0.0009964426583889407
ECFP_295	0.0006928571074810584
ECFP_296	0.00010555856592317408
ECFP_297	0.0006123672712496169
ECFP_298	0.000650991410700434
ECFP_299	0.00022326836496460296
ECFP_300	0.000545070354220041
ECFP_301	0.0012492952483230443
ECFP_302	0.0005411104991232627
ECFP_303	0.00019979339355709731
ECFP_304	0.0007920688063328435
ECFP_305	0.00021443596442444483
ECFP_306	0.00020841814618175342
ECFP_307	0.000917068185577379
ECFP_308	0.0011344373119737006
ECFP_309	0.0003105593610703446
ECFP_310	0.0004051809540931911
ECFP_311	0.0013603294094275266
ECFP_312	0.00017447776847712151
ECFP_313	0.0001291870652029038
ECFP_314	0.0033614668392229286
ECFP_315	0.0002627086735789336
ECFP_316	0.0003715741856110832
ECFP_317	0.00024313496613586808
ECFP_318	0.0004944883613465887
ECFP_319	0.0003064719791821338
ECFP_320	0.0002388187519660189
ECFP_321	0.0002743122191201293
ECFP_322	0.0014821382171520756
ECFP_323	0.00022994388701719042
ECFP_324	0.00066547224093016
ECFP_325	0.002110480989509729
ECFP_326	0.00021729258608372426
ECFP_327	0.00042572330351615446
ECFP_328	0.00018887792539068292
ECFP_329	0.00027920359277019263
ECFP_330	0.00015058637185437276
ECFP_331	0.00019321158673025205
ECFP_332	0.0001653977458701107
ECFP_333	0.00341155327900588
ECFP_334	0.00014511035458057267
ECFP_335	0.00013726988202684233
ECFP_336	0.000932816171175498
ECFP_337	0.0001776732763810812
ECFP_338	0.00040917752817374393
ECFP_339	0.00024279783536839485
ECFP_340	0.0001806149055827025
ECFP_341	0.002794399413488611
ECFP_342	0.0006421710563960231
ECFP_343	0.000581760017742841
ECFP_344	0.00015112190578251235
ECFP_345	0.0005150917188015608
ECFP_346	0.0006672645901404508
ECFP_347	8.464982371902289e-05
ECFP_348	0.0005227744586094756
ECFP_349	0.0011693720174774079
ECFP_350	0.0011366546390937531
ECFP_351	0.0002584360684939971
ECFP_352	0.0002637417645583609
ECFP_353	0.00022125835740994957
ECFP_354	0.000523226940160414
ECFP_355	0.0011664533111949362
ECFP_356	0.011425003961423957
ECFP_357	0.00042236114692422377
ECFP_358	0.00014235527146692578
ECFP_359	0.0002597970486248186
ECFP_360	0.0006290180602960846
ECFP_361	0.0019874695935242727
ECFP_362	0.0018588498087439682
ECFP_363	0.00011218603155727623
ECFP_364	0.00043689822227482796
ECFP_365	0.00048158549794392473
ECFP_366	0.0008587278381043527
ECFP_367	0.003976170699628451
ECFP_368	0.0006955362415481099
ECFP_369	0.000407225446877535
ECFP_370	0.000310764294888713
ECFP_371	0.00047929688859745044
ECFP_372	0.00019201813362616814
ECFP_373	0.00017673260072826867
ECFP_374	0.0003222238563053233
ECFP_375	0.0004468801872887913
ECFP_376	0.0006779837653307437
ECFP_377	0.0002782845464429351
ECFP_378	0.006088989728280582
ECFP_379	0.00020306431609922138
ECFP_380	9.078089834537538e-05
ECFP_381	0.0020466134900070003
ECFP_382	0.00021269721592313617
ECFP_383	0.0018945917787546326
ECFP_384	0.00034280453119694314
ECFP_385	0.0006636964141726869
ECFP_386	0.0006068747608915233
ECFP_387	0.0003798191388824274
ECFP_388	0.0002185054985450651
ECFP_389	0.0011386709404941728
ECFP_390	0.0004888530579144229
ECFP_391	0.00028920615440805803
ECFP_392	0.0016508853080626086
ECFP_393	0.001911888211281247
ECFP_394	0.0007732111364877134
ECFP_395	0.00012305306331035623
ECFP_396	0.00011878698133741778
ECFP_397	0.00032173922031144685
ECFP_398	0.0009522848336120854
ECFP_399	0.0003189659737091766
ECFP_400	0.000176716917331285
ECFP_401	0.00028121998352876454
ECFP_402	0.00014926085491326818
ECFP_403	0.00017654709103919126
ECFP_404	0.00012313269267026763
ECFP_405	0.000148884475646001
ECFP_406	0.0006594947394914774
ECFP_407	0.0007240760040405149
ECFP_408	0.00034548409725324096
ECFP_409	0.0004235564321390304
ECFP_410	0.00015825067509565204
ECFP_411	0.00036426500640244927
ECFP_412	0.00026415634310804955
ECFP_413	0.00032566831431554385
ECFP_414	0.0008917021969338884
ECFP_415	0.00023432252844610848
ECFP_416	0.001430581201882172
ECFP_417	0.0005552802956489435
ECFP_418	8.532005006334207e-05
ECFP_419	0.001522259414458795
ECFP_420	0.0006119568654715002
ECFP_421	0.0003387838041677751
ECFP_422	0.00036762195208546233
ECFP_423	0.0001780895556882156
ECFP_424	0.0001955329613765935
ECFP_425	0.0002491831270027885
ECFP_426	0.0005369083043896391
ECFP_427	0.00013232085607078057
ECFP_428	0.0018746944300224518
ECFP_429	0.0008368293705902788
ECFP_430	0.00030701619463142856
ECFP_431	0.00010126343270058415
ECFP_432	0.0002908063916104161
ECFP_433	0.0009020497150687721
ECFP_434	0.00020763573599817293
ECFP_435	0.0007076943567816575
ECFP_436	0.00023124312830890404
ECFP_437	0.0003282682799708793
ECFP_438	0.00013420541874169668
ECFP_439	0.00032470111256741323
ECFP_440	0.00013444003683987573
ECFP_441	0.000246734942932599
ECFP_442	0.0006064826451047786
ECFP_443	7.836937065809336e-05
ECFP_444	0.0006009256438034496
ECFP_445	0.0009701339380481157
ECFP_446	0.0002875793850205358
ECFP_447	0.0002060365115892249
ECFP_448	0.00028938742338448307
ECFP_449	0.0003930740895769122
ECFP_450	0.0004245553706973297
ECFP_451	0.0014532103328439665
ECFP_452	0.001540449321611062
ECFP_453	0.0009218186176997916
ECFP_454	0.0004999425760500301
ECFP_455	0.0002080242745657942
ECFP_456	0.001766311548376159
ECFP_457	0.0001423427634475923
ECFP_458	0.0017125094237371886
ECFP_459	6.121308512909792e-05
ECFP_460	0.0010779564263041943
ECFP_461	0.0003380087183856415
ECFP_462	0.00010420717911269908
ECFP_463	0.00045410213630776245
ECFP_464	0.0026275365351974746
ECFP_465	0.0009194359007305031
ECFP_466	0.00033006252087138465
ECFP_467	0.00013473512739713573
ECFP_468	0.00010425986262387778
ECFP_469	0.00012865144707800417
ECFP_470	0.0013864915773191414
ECFP_471	0.00042574214449991844
ECFP_472	9.796476702702622e-05
ECFP_473	0.0004259070588858834
ECFP_474	0.0008654711892999333
ECFP_475	0.00016447408496483967
ECFP_476	0.00019120062211069872
ECFP_477	2.9774818779477053e-05
ECFP_478	0.00028948552457289486
ECFP_479	0.00037256083781059886
ECFP_480	0.0005447713832475792
ECFP_481	0.0002273105831178488
ECFP_482	0.0010545261249857
ECFP_483	0.000174318239611216
ECFP_484	0.0011447153522608326
ECFP_485	0.0002476876266843685
ECFP_486	0.0030698510827538287
ECFP_487	0.00023835493811224343
ECFP_488	0.0003375131019203568
ECFP_489	0.0011307765560076436
ECFP_490	0.00029212464154963286
ECFP_491	0.0033599605072281444
ECFP_492	0.0003823731300616294
ECFP_493	0.0010389566328658476
ECFP_494	0.0008067859830952139
ECFP_495	0.00031520878998224025
ECFP_496	0.0001394739990728952
ECFP_497	0.00017742822522992521
ECFP_498	0.0002959032009713611
ECFP_499	0.00014202306338952664
ECFP_500	0.00045298843154260523
ECFP_501	0.00041375452009047287
ECFP_502	0.0011624073541975973
ECFP_503	0.0007099673865444876
ECFP_504	0.0004355669827818629
ECFP_505	0.00015562239184044912
ECFP_506	0.0003349245168580914
ECFP_507	0.0003771370133716919
ECFP_508	0.00011997245343099694
ECFP_509	0.0004980352566499668
ECFP_510	0.0001774363940077961
ECFP_511	0.00038202362372445874
ECFP_512	0.00027576656773840955
ECFP_513	0.00015458062678050467
ECFP_514	0.00012026257748133152
ECFP_515	0.00025040561781816917
ECFP_516	0.00015637068487253056
ECFP_517	0.00042228680639122844
ECFP_518	0.00010755994803755997
ECFP_519	0.00045431687949163004
ECFP_520	0.0005071581212195543
ECFP_521	0.0002497642395675823
ECFP_522	0.00024091578060424522
ECFP_523	0.00015267011285249082
ECFP_524	0.0002890789737921601
ECFP_525	0.000275764176248312
ECFP_526	0.002103672509977194
ECFP_527	9.816464240679224e-05
ECFP_528	0.00033331373700161925
ECFP_529	0.0003330560859536484
ECFP_530	0.00024113445527129736
ECFP_531	0.000377103964866913
ECFP_532	0.00029750237324951175
ECFP_533	0.001122391804129369
ECFP_534	0.00070786382907031
ECFP_535	0.000560077546915185
ECFP_536	0.0001910714609315451
ECFP_537	0.0002675448847433714
ECFP_538	0.00014696497580674007
ECFP_539	0.0002550287368777159
ECFP_540	0.002253888714983602
ECFP_541	0.0007139062317473759
ECFP_542	0.0001715008075234284
ECFP_543	0.0010918231876170836
ECFP_544	0.00033619273179329856
ECFP_545	0.0005010669181141558
ECFP_546	0.0008235425679537891
ECFP_547	0.0002579273335994774
ECFP_548	0.0004238477062339263
ECFP_549	0.0028479929223064458
ECFP_550	0.0004810093703191918
ECFP_551	0.0007688022952649446
ECFP_552	0.0011383859491166544
ECFP_553	0.0008273685900257205
ECFP_554	0.0002641524919470829
ECFP_555	0.0006509682976943221
ECFP_556	0.00025206940368975166
ECFP_557	0.0006096919461683767
ECFP_558	0.00032937820549258927
ECFP_559	0.00043868198757191147
ECFP_560	0.0006185769606041394
ECFP_561	0.0028266121037447793
ECFP_562	0.0004140203155851921
ECFP_563	0.00019000892435627363
ECFP_564	0.0003273451881300537
ECFP_565	0.0002725133467092079
ECFP_566	0.00017029079179307454
ECFP_567	0.00034705249091471
ECFP_568	0.00026550624806036954
ECFP_569	0.0001553817414189434
ECFP_570	0.0001666672926855281
ECFP_571	0.000276955011210426
ECFP_572	0.00013623613297773183
ECFP_573	0.0005092861140029248
ECFP_574	7.640208844687295e-05
ECFP_575	0.001063496779129407
ECFP_576	0.00022763542398509525
ECFP_577	0.0007465128536294352
ECFP_578	0.0018940466612506167
ECFP_579	0.0010921043531469828
ECFP_580	0.0007874759596770406
ECFP_581	0.00045834280456221474
ECFP_582	0.00017440633724960487
ECFP_583	0.0006045064314080608
ECFP_584	0.0007878012157858827
ECFP_585	0.00022235071295762036
ECFP_586	0.0006285996851648389
ECFP_587	0.0004378080587325202
ECFP_588	0.0014171377506033598
ECFP_589	0.0005969077272091024
ECFP_590	0.00022265645581622922
ECFP_591	0.0002612812920338623
ECFP_592	0.0003278671021503475
ECFP_593	0.0003707140301018668
ECFP_594	0.0003247152134172645
ECFP_595	0.00012914290492196102
ECFP_596	0.00017539663761879297
ECFP_597	0.0002833344802765487
ECFP_598	0.00014345307927279139
ECFP_599	0.0002817242206073779
ECFP_600	0.0005298929494515896
ECFP_601	0.0004292129372427582
ECFP_602	0.00017794157241228978
ECFP_603	0.00025003741504517747
ECFP_604	0.00030466093893186715
ECFP_605	0.0002264441136849022
ECFP_606	0.0006494110933073311
ECFP_607	0.0008071948024115222
ECFP_608	0.0001721957110321498
ECFP_609	0.00022525642512795114
ECFP_610	0.0006190218698106278
ECFP_611	9.921045694809665e-05
ECFP_612	0.0003075577125718947
ECFP_613	0.000336026952958904
ECFP_614	0.00010705895250028882
ECFP_615	0.00019893008955004448
ECFP_616	0.00014669561046709882
ECFP_617	0.0001112334520183647
ECFP_618	0.0001606528672826462
ECFP_619	0.0007355140476424059
ECFP_620	0.0002505488917031387
ECFP_621	0.0005543155417392902
ECFP_622	0.0008962006421789984
ECFP_623	0.00034966580850008956
ECFP_624	0.0004384420005714617
ECFP_625	0.0005274495050895272
ECFP_626	0.00019620742652415977
ECFP_627	0.00023496461856588837
ECFP_628	0.0006867828871823017
ECFP_629	0.0002089272005086858
ECFP_630	0.00026653936685119855
ECFP_631	0.00012725046824541933
ECFP_632	0.00040666151969826603
ECFP_633	0.00018148077713018763
ECFP_634	6.611269621825181e-05
ECFP_635	0.00014512999187404576
ECFP_636	0.0002605530867126169
ECFP_637	0.00018646767918038164
ECFP_638	0.0004468827119555874
ECFP_639	0.0006423464272552947
ECFP_640	0.00033632319440552794
ECFP_641	0.0014234535055827665
ECFP_642	0.00019446040660526785
ECFP_643	0.00024869933143432656
ECFP_644	0.00012035537529992125
ECFP_645	0.00010071866619267991
ECFP_646	0.0009144943348395624
ECFP_647	0.00025193448131572175
ECFP_648	0.00013556197380780346
ECFP_649	0.00029813349370300877
ECFP_650	0.004785256543607491
ECFP_651	0.0004673152274547522
ECFP_652	0.0006358602342507367
ECFP_653	0.00030909175553749823
ECFP_654	0.00010352664147594189
ECFP_655	0.0001593500689419061
ECFP_656	0.0028886946878316196
ECFP_657	0.00042691475359065345
ECFP_658	0.00023994588046541608
ECFP_659	0.0028771871212901743
ECFP_660	0.00019009663815608516
ECFP_661	0.00036891392159770175
ECFP_662	0.00028409888097886244
ECFP_663	0.00011761373073511206
ECFP_664	0.0002522947824991147
ECFP_665	0.0012045075224880683
ECFP_666	7.897753786050329e-05
ECFP_667	0.0015293451402604527
ECFP_668	0.00016572688490654197
ECFP_669	0.0005878473766933145
ECFP_670	0.0006449734724893394
ECFP_671	0.000677895877638963
ECFP_672	0.00022639538473951258
ECFP_673	0.0014561763185723757
ECFP_674	0.0003188900472182117
ECFP_675	0.0010989185730927143
ECFP_676	0.00031902537107470174
ECFP_677	0.0005490969489160911
ECFP_678	0.00013324848689863885
ECFP_679	0.00027587479792337284
ECFP_680	0.0005322436559959383
ECFP_681	0.0001099511434074741
ECFP_682	0.00022266713804398576
ECFP_683	0.00021501194976348862
ECFP_684	0.0006141783350420672
ECFP_685	0.0001431608395282068
ECFP_686	0.00012946617969690716
ECFP_687	0.00030191684732264017
ECFP_688	0.00010745310544762417
ECFP_689	0.0005166712316134965
ECFP_690	0.00013433747657501065
ECFP_691	0.0004570310468798411
ECFP_692	0.0007341406908329266
ECFP_693	0.000754039162765646
ECFP_694	0.0007697877339355565
ECFP_695	0.0008991925812228284
ECFP_696	0.00014190924590949515
ECFP_697	0.0003006571955701212
ECFP_698	0.002265430950157392
ECFP_699	0.0010870961031652646
ECFP_700	0.0005781430916689609
ECFP_701	0.000460778661082257
ECFP_702	9.315876580782453e-05
ECFP_703	0.0006055715677996136
ECFP_704	0.00038246839509229234
ECFP_705	0.0002426785462585321
ECFP_706	0.0002524167458197871
ECFP_707	0.001126802856493059
ECFP_708	0.0007788985982192447
ECFP_709	0.00044661759794674665
ECFP_710	0.00022836503565510768
ECFP_711	0.0004531084455766667
ECFP_712	0.00011132720712496656
ECFP_713	0.000641956127531074
ECFP_714	0.00043049485396624875
ECFP_715	0.0009008087580073812
ECFP_716	0.0001822619075361414
ECFP_717	0.00016315656716004307
ECFP_718	0.002453823582955817
ECFP_719	0.00015398886949865404
ECFP_720	0.0004809912802763249
ECFP_721	0.0004466169151147611
ECFP_722	0.0001906687450610952
ECFP_723	0.00023669964326274574
ECFP_724	0.0003328378407479784
ECFP_725	0.0005937796287236528
ECFP_726	0.007704971367599201
ECFP_727	0.00032396373533555994
ECFP_728	0.0005721207572706077
ECFP_729	0.00025255223313994465
ECFP_730	0.001111391399736426
ECFP_731	0.00027701811585517406
ECFP_732	0.00020536776098600064
ECFP_733	0.0001123787843312274
ECFP_734	0.000248547043643647
ECFP_735	0.00010926320375546825
ECFP_736	0.0016889755177779558
ECFP_737	0.00039517669345724964
ECFP_738	0.00030146491482474285
ECFP_739	0.00174337671024685
ECFP_740	0.0004610053636540423
ECFP_741	0.00040806365345679043
ECFP_742	0.0003173310622358686
ECFP_743	0.00029056528960265496
ECFP_744	0.00018212176177789571
ECFP_745	0.0008044501352682164
ECFP_746	0.00012246750159643476
ECFP_747	0.0008554515959193258
ECFP_748	0.0003056254760303634
ECFP_749	0.0002077907818291732
ECFP_750	0.00032354733679123367
ECFP_751	0.0011701516150576861
ECFP_752	0.0004009680536656668
ECFP_753	0.0005338243018793105
ECFP_754	0.0008768213543544125
ECFP_755	0.0002828601919001486
ECFP_756	0.00013317057467177574
ECFP_757	0.00039257382547082614
ECFP_758	0.0002280778785033177
ECFP_759	0.0007918146595657753
ECFP_760	0.0002784941872891685
ECFP_761	0.0005279523527362543
ECFP_762	0.00015937597603168458
ECFP_763	0.0006755702750410634
ECFP_764	0.0003453299272896327
ECFP_765	0.00017809925504105577
ECFP_766	7.684971021386512e-05
ECFP_767	0.001179048267656279
ECFP_768	0.00031401592624161976
ECFP_769	0.00041312078691658707
ECFP_770	0.0007256205854752486
ECFP_771	0.00029962243592680213
ECFP_772	0.00045774002927409117
ECFP_773	0.00024996257416787395
ECFP_774	7.370936031122668e-05
ECFP_775	0.0005437951615107755
ECFP_776	0.0005341979499284994
ECFP_777	0.000203218969185848
ECFP_778	0.0002265205326708514
ECFP_779	0.00021002066021872835
ECFP_780	0.0003665756822118593
ECFP_781	0.00019853797497382237
ECFP_782	0.00027653234435863
ECFP_783	0.00017984372320275558
ECFP_784	0.0005729410328822464
ECFP_785	0.0011983987509626925
ECFP_786	0.00047356676549762067
ECFP_787	0.0022893592005215945
ECFP_788	0.00010108897374785496
ECFP_789	0.00014978899172649849
ECFP_790	0.0002968701202037896
ECFP_791	0.00014809636278982887
ECFP_792	0.0002854167520663331
ECFP_793	8.519711573731291e-05
ECFP_794	0.0013231067216445485
ECFP_795	0.000719258682253872
ECFP_796	0.00021554071150698285
ECFP_797	7.845904456963767e-05
ECFP_798	0.0006393369566363508
ECFP_799	0.0002910969207446551
ECFP_800	0.0003288632550539251
ECFP_801	0.0013066466709129067
ECFP_802	0.00033239301869324633
ECFP_803	0.00013309716639744394
ECFP_804	0.00014392735613006285
ECFP_805	0.00027506574357537175
ECFP_806	0.000973667197195968
ECFP_807	0.0011610006654324415
ECFP_808	0.0003217494756789169
ECFP_809	0.000655988187917596
ECFP_810	0.00012753174386329492
ECFP_811	0.00015227580472954675
ECFP_812	0.00016709340552390427
ECFP_813	0.00027963794385322345
ECFP_814	0.00039669655024474613
ECFP_815	0.0002755432910001628
ECFP_816	0.0012883506711811959
ECFP_817	0.0002929273103696719
ECFP_818	0.0002286331626158389
ECFP_819	0.0002499897868713742
ECFP_820	0.000570382790281301
ECFP_821	0.00012275977965180943
ECFP_822	0.00038798701826365297
ECFP_823	0.0007452628069691101
ECFP_824	0.00020758070283893575
ECFP_825	0.0006709565629321575
ECFP_826	0.00015710199742808363
ECFP_827	0.0008936258394805597
ECFP_828	0.00014637216178165323
ECFP_829	0.0019855898640199895
ECFP_830	0.00041241543940551703
ECFP_831	0.001931502149414771
ECFP_832	0.0003013528121655032
ECFP_833	0.00038497391041309034
ECFP_834	0.000279420959868353
ECFP_835	0.00019830270297527703
ECFP_836	0.00019653224801614638
ECFP_837	0.0006268139312161346
ECFP_838	0.0003983894585530356
ECFP_839	0.0002994541113029201
ECFP_840	0.00019665814160284411
ECFP_841	0.00043350463141353065
ECFP_842	0.0005650490276726105
ECFP_843	0.0020124758536655472
ECFP_844	0.00012128947706808142
ECFP_845	0.0008831981164334872
ECFP_846	0.00016023129093152577
ECFP_847	0.00012285107854239377
ECFP_848	0.0005780175137615949
ECFP_849	0.007563097352643648
ECFP_850	0.0002607381843141973
ECFP_851	0.00021050970780676402
ECFP_852	0.0009671960382573952
ECFP_853	0.000561756361934804
ECFP_854	0.00042987715175167726
ECFP_855	0.0003984540019189081
ECFP_856	0.00025338688836899954
ECFP_857	0.0012001889497989461
ECFP_858	0.0003023815405600632
ECFP_859	0.0005190747626572189
ECFP_860	0.00020271669570106425
ECFP_861	0.0004358149549953035
ECFP_862	0.00019132484572538755
ECFP_863	0.00031837199538157986
ECFP_864	0.0002746954278138701
ECFP_865	0.00015396072625352425
ECFP_866	4.920813660176193e-05
ECFP_867	0.0008630168838916162
ECFP_868	0.00018602069224119504
ECFP_869	0.0001238858743346162
ECFP_870	0.00017991889962722771
ECFP_871	0.00013833630940287113
ECFP_872	0.00018997399993257846
ECFP_873	0.00017555208167256792
ECFP_874	0.0005308255658135232
ECFP_875	0.005594932249193505
ECFP_876	0.00010065556801611571
ECFP_877	0.00013557559466265953
ECFP_878	0.0009265980379829372
ECFP_879	0.00021025313612777074
ECFP_880	8.710113789953704e-05
ECFP_881	0.0013642222295803066
ECFP_882	0.0002813704703123464
ECFP_883	0.0004976672284593702
ECFP_884	0.0007295849914238887
ECFP_885	0.00034177875935050234
ECFP_886	0.0002434905403314899
ECFP_887	0.0008558299643077555
ECFP_888	0.00038615612266660823
ECFP_889	0.00031485480306636253
ECFP_890	0.0004772699162048452
ECFP_891	0.00033415811136209254
ECFP_892	0.0001477421442322111
ECFP_893	0.0029154237252804133
ECFP_894	0.0003219390621447319
ECFP_895	0.0002886460447321999
ECFP_896	0.0015491531428661917
ECFP_897	0.00040524747364252686
ECFP_898	0.0010887397831777531
ECFP_899	0.00016404348305760252
ECFP_900	0.0004928881834202597
ECFP_901	5.703464416353627e-05
ECFP_902	0.00038493780708243844
ECFP_903	0.0001692243120117061
ECFP_904	0.00198729484655488
ECFP_905	0.0002692887091590662
ECFP_906	0.00015659869810274733
ECFP_907	0.00015787513441789302
ECFP_908	0.0005079079414065785
ECFP_909	0.0002788695475752064
ECFP_910	0.00010532881045875344
ECFP_911	0.0002805833601470475
ECFP_912	0.0009551906274286136
ECFP_913	0.0005907473478937705
ECFP_914	0.00048684315257416634
ECFP_915	0.00033523497380006815
ECFP_916	0.00021416653269863746
ECFP_917	0.001283818553434607
ECFP_918	0.0006743770494897995
ECFP_919	0.00034673085066509436
ECFP_920	0.0006615501646837652
ECFP_921	0.0003293930411177624
ECFP_922	0.0018063473557285302
ECFP_923	0.002252837458523664
ECFP_924	9.368090461033194e-05
ECFP_925	0.00031158137762218104
ECFP_926	0.00423066395317355
ECFP_927	0.0014836046572803984
ECFP_928	0.0004360366800483989
ECFP_929	0.00030066844738299553
ECFP_930	0.00010500515732909123
ECFP_931	0.00024139061277405894
ECFP_932	0.0008987766377121058
ECFP_933	0.00044001383010770664
ECFP_934	0.00016645726097078308
ECFP_935	0.0011171093580669349
ECFP_936	0.0002758697891622606
ECFP_937	0.0004459749713040898
ECFP_938	0.0003054544704838596
ECFP_939	0.00035312337511037397
ECFP_940	0.000513948747845304
ECFP_941	0.0006909116127021929
ECFP_942	0.00017801372164354535
ECFP_943	8.910248217703665e-05
ECFP_944	0.0007833261468025548
ECFP_945	0.00012907371164192546
ECFP_946	0.0007842330883278736
ECFP_947	0.0005958561117820896
ECFP_948	0.0003105777117046684
ECFP_949	0.0005694887722208627
ECFP_950	0.00019387729216615142
ECFP_951	0.0004681703072998818
ECFP_952	0.0003733690933218274
ECFP_953	0.00026736249643102676
ECFP_954	0.0003983726869859031
ECFP_955	0.0004883012556349887
ECFP_956	0.0006576094695335188
ECFP_957	0.00020494520832846897
ECFP_958	0.0007879514398102548
ECFP_959	9.493292408178778e-05
ECFP_960	0.0005059854871841086
ECFP_961	0.0005686312134169835
ECFP_962	0.0002288404781918681
ECFP_963	0.00033475373006192115
ECFP_964	9.505150449924733e-05
ECFP_965	0.0001622046010354072
ECFP_966	0.0008157484534884925
ECFP_967	0.0019764460635957205
ECFP_968	0.00012875855960753864
ECFP_969	0.00030745255299401174
ECFP_970	0.00035971910081771875
ECFP_971	0.0003336655799832601
ECFP_972	8.996378659080965e-05
ECFP_973	0.00045787611913960705
ECFP_974	0.000543366859047199
ECFP_975	0.000616043499044501
ECFP_976	0.0006252271920838962
ECFP_977	9.123862953271998e-05
ECFP_978	0.0004088796064340718
ECFP_979	0.0014786016527688452
ECFP_980	0.00036240000886241105
ECFP_981	0.003150918290944816
ECFP_982	0.0003073998325621988
ECFP_983	0.00023515251228772749
ECFP_984	0.00040841157144401983
ECFP_985	0.00038347164714948876
ECFP_986	0.0006599320589932656
ECFP_987	0.0002892655313213231
ECFP_988	0.00030534949916412405
ECFP_989	0.0005649727496327941
ECFP_990	9.577735609771917e-05
ECFP_991	0.00038779508261463597
ECFP_992	0.0006863731140042961
ECFP_993	0.0034062159363947237
ECFP_994	0.00026270243178285233
ECFP_995	0.0002879848387208991
ECFP_996	0.0002312462334748343
ECFP_997	0.00031543137078960857
ECFP_998	0.0012152151859048236
ECFP_999	0.000360302917678788
ECFP_1000	0.00031278001123994005
ECFP_1001	8.61017632957899e-05
ECFP_1002	0.00020101275688928481
ECFP_1003	0.000152372963968773
ECFP_1004	0.0009131193673607227
ECFP_1005	0.00016199810187610779
ECFP_1006	0.000458690540766318
ECFP_1007	0.00010068348647854935
ECFP_1008	0.00022401795872708415
ECFP_1009	0.00019916156467197113
ECFP_1010	0.0001871881273114688
ECFP_1011	0.0004494852593728123
ECFP_1012	0.0011733273450355145
ECFP_1013	0.00013707150552302378
ECFP_1014	0.00019007033655611826
ECFP_1015	0.00010064574921422058
ECFP_1016	0.00013860574559467983
ECFP_1017	0.0004453792297886072
ECFP_1018	0.00015176778092589575
ECFP_1019	0.002621045674128699
ECFP_1020	0.00017636081082639672
ECFP_1021	0.00025873150450319015
ECFP_1022	8.656260504862721e-05
ECFP_1023	0.00016959308923894306
