Feature	MeanAbsSHAP_LogReg
SMILES	0.25837997328786055
ECFP_0	0.008151035667710029
ECFP_1	0.10468676146386605
ECFP_2	0.004865251068250089
ECFP_3	0.002665091291363183
ECFP_4	0.011135457630053355
ECFP_5	0.016598361583385124
ECFP_6	0.0021541300250379506
ECFP_7	0.010308020743980675
ECFP_8	0.00478508955983252
ECFP_9	0.00835607511136204
ECFP_10	0.024313838988854832
ECFP_11	0.016268072709898607
ECFP_12	0.014560450927473236
ECFP_13	0.0085610149308237
ECFP_14	0.017844193546456725
ECFP_15	0.0068269957797341295
ECFP_16	0.0014789953971416526
ECFP_17	0.00036729400032915174
ECFP_18	0.005027045258336954
ECFP_19	0.0029475915913719634
ECFP_20	0.0011579201653620004
ECFP_21	0.003500601316927085
ECFP_22	0.0027021471990350816
ECFP_23	0.008690874037055684
ECFP_24	0.0032373976532834594
ECFP_25	0.0013209212444983934
ECFP_26	0.008748503678210517
ECFP_27	0.0033779083755543365
ECFP_28	0.0012113847561015223
ECFP_29	0.001607944357251582
ECFP_30	0.0013089063276358129
ECFP_31	0.0036085680904880658
ECFP_32	0.016450233277124846
ECFP_33	0.06755283736833832
ECFP_34	0.01098122779468327
ECFP_35	0.002670292778075431
ECFP_36	0.025741835525623747
ECFP_37	0.007112634510782642
ECFP_38	0.0011714343981148343
ECFP_39	0.0015619951350577324
ECFP_40	0.0015563711258036884
ECFP_41	0.03559051368757606
ECFP_42	0.010496589596299455
ECFP_43	0.0006519147603098121
ECFP_44	0.0024882402620507523
ECFP_45	0.0034705533003196107
ECFP_46	0.01241959858622786
ECFP_47	0.012164194721945163
ECFP_48	0.0028012291374774467
ECFP_49	0.009264691131748104
ECFP_50	0.0016057362470777796
ECFP_51	0.0018802676714640934
ECFP_52	0.0053822103800709635
ECFP_53	0.005424783342751863
ECFP_54	0.0028779712502707555
ECFP_55	0.005057782240771655
ECFP_56	0.001787039417362626
ECFP_57	0.002377043292625313
ECFP_58	0.005364877522636501
ECFP_59	0.004379741137861431
ECFP_60	0.0022249708902050617
ECFP_61	0.003122495139982564
ECFP_62	0.0037873306961855495
ECFP_63	0.004852957482689473
ECFP_64	0.04901787283038211
ECFP_65	0.006331574065668725
ECFP_66	0.0013328875781008346
ECFP_67	0.008753984802789608
ECFP_68	0.00232703739170641
ECFP_69	0.002108928126261596
ECFP_70	0.003300505619300867
ECFP_71	0.01272438066829086
ECFP_72	0.003721454098004215
ECFP_73	0.004989062819949342
ECFP_74	0.004034529259688656
ECFP_75	0.00838596823680188
ECFP_76	0.004255864716074932
ECFP_77	0.009772398398485569
ECFP_78	0.01055442139190076
ECFP_79	0.016364296958135786
ECFP_80	0.1557622591339129
ECFP_81	0.0027481958868791163
ECFP_82	0.003738574946617996
ECFP_83	0.002299406313572031
ECFP_84	0.0060101629258113975
ECFP_85	0.0027271176399973353
ECFP_86	0.010754309984724517
ECFP_87	0.0042070643844734365
ECFP_88	0.002083762130259628
ECFP_89	0.002782135547193691
ECFP_90	0.02498519473447538
ECFP_91	0.005533931284021592
ECFP_92	0.0072671421444979335
ECFP_93	0.0030844090077054276
ECFP_94	0.0031490631335359094
ECFP_95	0.0017149321347764035
ECFP_96	0.003997626806655711
ECFP_97	0.004406172332208267
ECFP_98	0.0008145370320248767
ECFP_99	0.0008824888770409669
ECFP_100	0.00898297739137679
ECFP_101	0.0017268584205913189
ECFP_102	0.014615808343624035
ECFP_103	0.0008756308347439712
ECFP_104	0.0033644292686573437
ECFP_105	0.012022375116224258
ECFP_106	0.008803016204776738
ECFP_107	0.00033173233810866265
ECFP_108	0.003194427315144359
ECFP_109	0.012506368881204571
ECFP_110	0.00699817709440947
ECFP_111	0.0020596278975139066
ECFP_112	0.004202075050665057
ECFP_113	0.001346761767132801
ECFP_114	0.00940070092876747
ECFP_115	0.0038900584642102276
ECFP_116	0.004847447942160958
ECFP_117	0.016363012754353066
ECFP_118	0.007054979432349723
ECFP_119	0.0386164912167458
ECFP_120	0.0027633447023612794
ECFP_121	0.02759381018156385
ECFP_122	0.002870359104336017
ECFP_123	0.005080255765901723
ECFP_124	0.00380550493603957
ECFP_125	0.0022161533880011536
ECFP_126	0.003215666282388255
ECFP_127	0.0029815096004076167
ECFP_128	0.04965318459605576
ECFP_129	0.0028269711808028295
ECFP_130	0.004271529274990276
ECFP_131	0.013901092085479086
ECFP_132	0.0015509834588580157
ECFP_133	0.0056754054036913335
ECFP_134	0.002395202198375418
ECFP_135	0.004941687394856514
ECFP_136	0.023934286736047493
ECFP_137	0.0011700054319454453
ECFP_138	0.017930492588901836
ECFP_139	0.01381693285450844
ECFP_140	0.033309349986721346
ECFP_141	0.006429008796771864
ECFP_142	0.0033973766311014486
ECFP_143	0.005402504785794367
ECFP_144	0.012609318620840013
ECFP_145	0.002248650676058843
ECFP_146	0.001630258305943283
ECFP_147	0.0477435755494739
ECFP_148	0.0009180854520910895
ECFP_149	0.0017183995333199971
ECFP_150	0.0029337833779202174
ECFP_151	0.012441655532492343
ECFP_152	0.00793009052725994
ECFP_153	0.0006473575369633167
ECFP_154	0.009499504858100721
ECFP_155	0.0016588257598137562
ECFP_156	0.0006664236039802025
ECFP_157	0.0015018239747942171
ECFP_158	0.0029165305764557114
ECFP_159	0.0015942779915300745
ECFP_160	0.004297891252818936
ECFP_161	0.0005031784643125913
ECFP_162	0.0013053015635482701
ECFP_163	0.00035415434774839873
ECFP_164	0.0025481376617878557
ECFP_165	0.004849154395251095
ECFP_166	0.0031790457028934697
ECFP_167	0.0008382025193169705
ECFP_168	0.002593156149650472
ECFP_169	0.001956930178616145
ECFP_170	0.0010581655020711583
ECFP_171	0.012770285079623134
ECFP_172	0.0013031160167815304
ECFP_173	0.006585937179101696
ECFP_174	0.0046307821106973904
ECFP_175	0.029530943646033647
ECFP_176	0.0010615853555309702
ECFP_177	0.0012278108747292085
ECFP_178	0.0007789047375532938
ECFP_179	0.01697003117914121
ECFP_180	0.0018607437737836457
ECFP_181	0.0018927453687435907
ECFP_182	0.004569386502318225
ECFP_183	0.0007266503155046536
ECFP_184	0.010839273774859128
ECFP_185	0.0058561384231623536
ECFP_186	0.003606991614476839
ECFP_187	0.004784218347195513
ECFP_188	0.007709267527736023
ECFP_189	0.0067578440990288145
ECFP_190	0.0018417379312699778
ECFP_191	0.006671559936129291
ECFP_192	0.009347756108793692
ECFP_193	0.019631256022608432
ECFP_194	0.0037411253810945406
ECFP_195	0.004068904278529127
ECFP_196	0.0028337606008306242
ECFP_197	0.015163759835592603
ECFP_198	0.0021139451638025135
ECFP_199	0.0014369232664370498
ECFP_200	0.007247367991774693
ECFP_201	0.005419714611426037
ECFP_202	0.011596855671481571
ECFP_203	0.00545851197748847
ECFP_204	0.006101981041243299
ECFP_205	0.0015958672967975392
ECFP_206	0.003705116212676129
ECFP_207	0.02565904002371049
ECFP_208	0.0051636591748509915
ECFP_209	0.0010385786310946046
ECFP_210	0.009220886105678335
ECFP_211	0.001153142018144755
ECFP_212	0.00839530064629964
ECFP_213	0.0023949283938090172
ECFP_214	0.013921257156324801
ECFP_215	0.0006287325707283323
ECFP_216	0.01263120007090672
ECFP_217	0.0026603679315378606
ECFP_218	0.002519712430360283
ECFP_219	0.01982013797962746
ECFP_220	0.007894363887188371
ECFP_221	0.009381016527627597
ECFP_222	0.046816839102457895
ECFP_223	0.00038736922351362654
ECFP_224	0.0044471390733432665
ECFP_225	0.01161710061145595
ECFP_226	0.00713721195439449
ECFP_227	0.043059326206030216
ECFP_228	0.004476503744347271
ECFP_229	0.0027563849231335862
ECFP_230	0.0006472500603275534
ECFP_231	0.011772474520018705
ECFP_232	0.0010859156972583609
ECFP_233	0.006212799631482224
ECFP_234	0.0038234706398677064
ECFP_235	0.0035875856208538366
ECFP_236	0.00619279445708659
ECFP_237	0.03712661815022411
ECFP_238	0.0025082929339818923
ECFP_239	0.0037067774866395126
ECFP_240	0.0020998469594429706
ECFP_241	0.0021176580606224117
ECFP_242	0.0024189951088139866
ECFP_243	0.0018490085019745243
ECFP_244	0.001287939397073308
ECFP_245	0.0021263823644767535
ECFP_246	0.007750596719798322
ECFP_247	0.003094559699991449
ECFP_248	0.0009800162912738301
ECFP_249	0.006699516379774807
ECFP_250	0.02303718191096448
ECFP_251	0.003388625590614245
ECFP_252	0.003937794104315397
ECFP_253	0.007342213101231854
ECFP_254	0.0033879687160941036
ECFP_255	0.010777590300857886
ECFP_256	0.010243373847312552
ECFP_257	0.0015912980429896317
ECFP_258	0.003482050747573793
ECFP_259	0.0029511394241924583
ECFP_260	0.0012298041681196633
ECFP_261	0.001971696803824819
ECFP_262	0.002273286317552459
ECFP_263	0.014458468462967083
ECFP_264	0.0019317779060442207
ECFP_265	0.00349624145772911
ECFP_266	0.013008654889707788
ECFP_267	0.010548770336513778
ECFP_268	0.016643891128316372
ECFP_269	0.0021355328156229354
ECFP_270	0.005215402673849723
ECFP_271	0.005479933398465561
ECFP_272	0.0039055564844149007
ECFP_273	0.002117793766930236
ECFP_274	0.006255508740323418
ECFP_275	0.008466468587048102
ECFP_276	0.0017864872766552107
ECFP_277	0.004031401119867986
ECFP_278	0.000855302590889785
ECFP_279	0.0017655734946334604
ECFP_280	0.002372041165034962
ECFP_281	0.005085565767320893
ECFP_282	0.0024633243275212855
ECFP_283	0.019017851863574135
ECFP_284	0.04211102562328127
ECFP_285	0.00514860309238716
ECFP_286	0.0009482635298243443
ECFP_287	0.0018218394206081067
ECFP_288	0.019580066895446162
ECFP_289	0.007964262330511654
ECFP_290	0.0013830961156753546
ECFP_291	0.001486284410359019
ECFP_292	0.0030306866515001597
ECFP_293	0.0021839317352389765
ECFP_294	0.0545428082504127
ECFP_295	0.016257329599398376
ECFP_296	0.0009586937661062285
ECFP_297	0.013412023881271265
ECFP_298	0.011038579282802585
ECFP_299	0.003094847453969975
ECFP_300	0.002652457221748959
ECFP_301	0.012512215463268483
ECFP_302	0.007904887889751425
ECFP_303	0.0008845858434254249
ECFP_304	0.005759777612809252
ECFP_305	0.0019271816545225677
ECFP_306	0.0015485203194665347
ECFP_307	0.007690519145058461
ECFP_308	0.005189796782462981
ECFP_309	0.003986508917446339
ECFP_310	0.006591545681331412
ECFP_311	0.015829805452657622
ECFP_312	0.002997001726937723
ECFP_313	0.0016476919356511592
ECFP_314	0.08846083688954583
ECFP_315	0.002800712862836274
ECFP_316	0.004540397764211348
ECFP_317	0.002728234176226376
ECFP_318	0.00691686692598457
ECFP_319	0.0027558201347911665
ECFP_320	0.0035846376878920032
ECFP_321	0.0022838207382632945
ECFP_322	0.011511406232290095
ECFP_323	0.0018903593175214294
ECFP_324	0.007187007081177442
ECFP_325	0.033955694782801235
ECFP_326	0.0015882202033293009
ECFP_327	0.005438539887660842
ECFP_328	0.0016623702317725467
ECFP_329	0.002046694378610432
ECFP_330	0.0015135617414867009
ECFP_331	0.0017067252388627678
ECFP_332	0.001913948187495402
ECFP_333	0.025768427823116103
ECFP_334	0.0023522019338389584
ECFP_335	0.0018234233978565155
ECFP_336	0.011605249730807721
ECFP_337	0.0006387393920827728
ECFP_338	0.0029108002578942206
ECFP_339	0.002884952972319805
ECFP_340	0.0016883957563410264
ECFP_341	0.047816114863522566
ECFP_342	0.01304768842749109
ECFP_343	0.015204839544164694
ECFP_344	0.0008537629395086434
ECFP_345	0.01003290466365392
ECFP_346	0.002936004111079916
ECFP_347	0.0006626247327540652
ECFP_348	0.004364541628013299
ECFP_349	0.007153420921095268
ECFP_350	0.013034570711036534
ECFP_351	0.0027834663299857966
ECFP_352	0.007614711863448418
ECFP_353	0.0021119326143966637
ECFP_354	0.009177251003027456
ECFP_355	0.013486304052475102
ECFP_356	0.08057145381444959
ECFP_357	0.009405040743464863
ECFP_358	0.0011452786806963424
ECFP_359	0.005494426918726189
ECFP_360	0.00981104618941431
ECFP_361	0.024082130987086888
ECFP_362	0.023238791082787653
ECFP_363	0.0027082624956831615
ECFP_364	0.006171162615536548
ECFP_365	0.0072041854419962375
ECFP_366	0.003971436053749852
ECFP_367	0.03791802601094966
ECFP_368	0.0040711234787689605
ECFP_369	0.0025907658079977326
ECFP_370	0.0033419021925879576
ECFP_371	0.0047312719141562945
ECFP_372	0.001455308064433199
ECFP_373	0.002474801600285935
ECFP_374	0.0036758863932003735
ECFP_375	0.0034123645737634102
ECFP_376	0.008398599523697443
ECFP_377	0.0022619835235706855
ECFP_378	0.0754428591404114
ECFP_379	0.001810603579792134
ECFP_380	0.0004266623709456908
ECFP_381	0.021656781788259312
ECFP_382	0.0008749642632886196
ECFP_383	0.01235792754717015
ECFP_384	0.0060814862310373296
ECFP_385	0.006050000792610013
ECFP_386	0.008030074697961138
ECFP_387	0.003807874671088945
ECFP_388	0.0015700437975484532
ECFP_389	0.020273765943289702
ECFP_390	0.004457898185614262
ECFP_391	0.0037540832446166287
ECFP_392	0.03954563300351909
ECFP_393	0.028291559149669198
ECFP_394	0.005233010055816843
ECFP_395	0.0006997971853112508
ECFP_396	0.0018981233654332148
ECFP_397	0.0060507399010381775
ECFP_398	0.015067984907085288
ECFP_399	0.0036377356478037915
ECFP_400	0.0021756977195709765
ECFP_401	0.0037442426991301002
ECFP_402	0.0011808045449242307
ECFP_403	0.0006204889616893972
ECFP_404	0.0014056543457144307
ECFP_405	0.0014804951974779813
ECFP_406	0.015667147249908024
ECFP_407	0.018261136775932683
ECFP_408	0.0029289749281965092
ECFP_409	0.006663495285653224
ECFP_410	0.00102754187401531
ECFP_411	0.002064952821043173
ECFP_412	0.006102876537801805
ECFP_413	0.0013006959341612299
ECFP_414	0.008875648046842164
ECFP_415	0.0037424021873953663
ECFP_416	0.021413428495910058
ECFP_417	0.009505331889585711
ECFP_418	0.0002812610206581453
ECFP_419	0.009154695274912788
ECFP_420	0.009132208738318676
ECFP_421	0.005361215299075897
ECFP_422	0.0054297453992756504
ECFP_423	0.0013071330013640695
ECFP_424	0.004226774983625753
ECFP_425	0.0015953946897783865
ECFP_426	0.0034454365091986607
ECFP_427	0.0013267126385910126
ECFP_428	0.04264886416502241
ECFP_429	0.003546236439866529
ECFP_430	0.00439229742938063
ECFP_431	0.0008830335407747552
ECFP_432	0.0022961634459542756
ECFP_433	0.009609322494362454
ECFP_434	0.0013352070673093319
ECFP_435	0.010518856179956909
ECFP_436	0.003863170665649412
ECFP_437	0.0028804853591146177
ECFP_438	0.001164974715555714
ECFP_439	0.006668995620149889
ECFP_440	0.0019003248839626597
ECFP_441	0.0029079418040324854
ECFP_442	0.0066949215689403015
ECFP_443	0.0005279883053371004
ECFP_444	0.005290870167142166
ECFP_445	0.0038118599494593995
ECFP_446	0.003948289451709736
ECFP_447	0.002179036910792866
ECFP_448	0.004823706979832839
ECFP_449	0.0031474223744446675
ECFP_450	0.005336665509016674
ECFP_451	0.01591865529684218
ECFP_452	0.02304214501566985
ECFP_453	0.01778342098185375
ECFP_454	0.006874150685755885
ECFP_455	0.004407399852239819
ECFP_456	0.056025551507340586
ECFP_457	0.002906830297333911
ECFP_458	0.02108398511513152
ECFP_459	0.0007444816059159998
ECFP_460	0.010228068344309418
ECFP_461	0.006047403863414706
ECFP_462	0.0007238080997513854
ECFP_463	0.012763293046677976
ECFP_464	0.01800216804051505
ECFP_465	0.010425459327615018
ECFP_466	0.003970467828541119
ECFP_467	0.000797299017729441
ECFP_468	0.0009580662883411052
ECFP_469	0.0011762720047251124
ECFP_470	0.024913849290957468
ECFP_471	0.003036530917618248
ECFP_472	0.001197180774738712
ECFP_473	0.0025638829636012435
ECFP_474	0.009382423088844283
ECFP_475	0.0016814126290290276
ECFP_476	0.0022489086956246533
ECFP_477	8.011395338047908e-05
ECFP_478	0.003942955894532009
ECFP_479	0.006215319001183172
ECFP_480	0.003609347806236204
ECFP_481	0.0034261930398778845
ECFP_482	0.007280580783105785
ECFP_483	0.0019850179966580234
ECFP_484	0.014036944084669229
ECFP_485	0.0019516335640839145
ECFP_486	0.08041323100474075
ECFP_487	0.002133265522947864
ECFP_488	0.002850774166017028
ECFP_489	0.015289649203969271
ECFP_490	0.0013438014218851847
ECFP_491	0.024166922498717654
ECFP_492	0.015343212392557684
ECFP_493	0.017839028644842343
ECFP_494	0.010844496137110887
ECFP_495	0.004917890778906239
ECFP_496	0.0011993859813607764
ECFP_497	0.001984490692405486
ECFP_498	0.0014679798617510352
ECFP_499	0.001791582400559081
ECFP_500	0.006971729528531295
ECFP_501	0.001450691481592668
ECFP_502	0.007732711313889839
ECFP_503	0.017036050192536994
ECFP_504	0.004121062285314533
ECFP_505	0.001307541185106368
ECFP_506	0.004098518294816475
ECFP_507	0.00411825029648622
ECFP_508	0.0010574921669585916
ECFP_509	0.0050580808468881815
ECFP_510	0.00166564659759782
ECFP_511	0.0055031521740663445
ECFP_512	0.0015532908805410744
ECFP_513	0.0014982074478457745
ECFP_514	0.0005605798489043484
ECFP_515	0.003869516183150344
ECFP_516	0.0021619794764842918
ECFP_517	0.004184289580206271
ECFP_518	0.0009359742367822105
ECFP_519	0.007332297997139504
ECFP_520	0.0022846715855808254
ECFP_521	0.0018506822501036392
ECFP_522	0.002396270425325895
ECFP_523	0.003007498821009874
ECFP_524	0.004993893969537222
ECFP_525	0.001316623440431305
ECFP_526	0.01613202651101017
ECFP_527	0.000792137569576452
ECFP_528	0.0030624069413584605
ECFP_529	0.004266645743634811
ECFP_530	0.002113687421115887
ECFP_531	0.0043380546028437255
ECFP_532	0.005557833968492086
ECFP_533	0.013589377491579202
ECFP_534	0.010523235965846907
ECFP_535	0.005650585682585359
ECFP_536	0.0019070312030932985
ECFP_537	0.004496606151187567
ECFP_538	0.0018868758260497756
ECFP_539	0.0007942509538843434
ECFP_540	0.042456695302826836
ECFP_541	0.005253737048576629
ECFP_542	0.0029524293569143335
ECFP_543	0.0072664502439236615
ECFP_544	0.001909551492315757
ECFP_545	0.005856409404013915
ECFP_546	0.011156565042457883
ECFP_547	0.003279435505404144
ECFP_548	0.006512862017534748
ECFP_549	0.0320762474867438
ECFP_550	0.0062218139716501645
ECFP_551	0.011827151389880768
ECFP_552	0.017442350420876628
ECFP_553	0.006564643664626059
ECFP_554	0.0025826273261686044
ECFP_555	0.007428267814765183
ECFP_556	0.0030300426352742804
ECFP_557	0.015611772297292114
ECFP_558	0.001904818886938125
ECFP_559	0.005883031909567479
ECFP_560	0.007721807017421768
ECFP_561	0.02629083350040782
ECFP_562	0.0078038687476658835
ECFP_563	0.001762720805796126
ECFP_564	0.006300804852734983
ECFP_565	0.0034105324191226983
ECFP_566	0.0018631688022296006
ECFP_567	0.002652241172164315
ECFP_568	0.0020006601663168032
ECFP_569	0.002541804243793389
ECFP_570	0.003273193718586398
ECFP_571	0.003742171361351074
ECFP_572	0.0018651855630685264
ECFP_573	0.010358876796081865
ECFP_574	0.0013284500824619415
ECFP_575	0.01389452021498363
ECFP_576	0.0031873643162742505
ECFP_577	0.008190648596183157
ECFP_578	0.05341273668632117
ECFP_579	0.018117366713509653
ECFP_580	0.006037153894579405
ECFP_581	0.005421145752244989
ECFP_582	0.0030209051499005025
ECFP_583	0.010506883657161795
ECFP_584	0.013723778274561177
ECFP_585	0.0029451280946759715
ECFP_586	0.007725557819234892
ECFP_587	0.006270682109466021
ECFP_588	0.011562151796605021
ECFP_589	0.016816660667636995
ECFP_590	0.00466280427439902
ECFP_591	0.003063712140285621
ECFP_592	0.009463785377699891
ECFP_593	0.0028815324596577338
ECFP_594	0.00596876940984053
ECFP_595	0.001628235432942449
ECFP_596	0.002901762557011376
ECFP_597	0.003276238460883175
ECFP_598	0.0013539688880029553
ECFP_599	0.0029318354037375593
ECFP_600	0.006493900111759693
ECFP_601	0.003023987423136129
ECFP_602	0.002047613775806331
ECFP_603	0.0030863747201397805
ECFP_604	0.003027867647905276
ECFP_605	0.0013294110076310813
ECFP_606	0.008130173098860998
ECFP_607	0.008368359658898032
ECFP_608	0.0013903564400562238
ECFP_609	0.001679215180510747
ECFP_610	0.023336859353065766
ECFP_611	0.0025401682869665844
ECFP_612	0.0021536862823205863
ECFP_613	0.0032418221766055454
ECFP_614	0.0005967852953436802
ECFP_615	0.0026473815085191746
ECFP_616	0.0012940128153173893
ECFP_617	0.0008899789646411258
ECFP_618	0.0019296620374399138
ECFP_619	0.005857023754610238
ECFP_620	0.002349898570311116
ECFP_621	0.008315104286345678
ECFP_622	0.02230416179397374
ECFP_623	0.0037106934065844117
ECFP_624	0.0057379383504321275
ECFP_625	0.008769449156757193
ECFP_626	0.0012228261941077407
ECFP_627	0.0019148825631803105
ECFP_628	0.003060637301657002
ECFP_629	0.0016650661779873516
ECFP_630	0.0029373703610834326
ECFP_631	0.0016446176930862491
ECFP_632	0.0034003962259422766
ECFP_633	0.0022762290574604273
ECFP_634	0.000987324654282974
ECFP_635	0.0014253325263718648
ECFP_636	0.0033457964210549087
ECFP_637	0.0018970918512648048
ECFP_638	0.009939406469227207
ECFP_639	0.004724011182194121
ECFP_640	0.0036463242854118867
ECFP_641	0.029738466513529672
ECFP_642	0.0029100129188273202
ECFP_643	0.002677099650912555
ECFP_644	0.0010730660287057371
ECFP_645	0.0008131708855593537
ECFP_646	0.0069455231257228535
ECFP_647	0.004976754250715137
ECFP_648	0.0014713728404722108
ECFP_649	0.004169635912390679
ECFP_650	0.06269017806015444
ECFP_651	0.004010890996609668
ECFP_652	0.011620910130223965
ECFP_653	0.0035466709065789374
ECFP_654	0.0016355567018270802
ECFP_655	0.0019455740164049118
ECFP_656	0.08186793043005293
ECFP_657	0.007952651882428838
ECFP_658	0.00207431242998869
ECFP_659	0.04121337330486044
ECFP_660	0.002985039043248229
ECFP_661	0.0067398554535046925
ECFP_662	0.0012839192988045238
ECFP_663	0.0009411956533586875
ECFP_664	0.003770918067676469
ECFP_665	0.015672103453520735
ECFP_666	0.0009152110843080461
ECFP_667	0.04102463613647112
ECFP_668	0.002812583442798808
ECFP_669	0.010783597441346538
ECFP_670	0.004034996169206264
ECFP_671	0.004045205762054455
ECFP_672	0.005601552267780567
ECFP_673	0.020276134928771748
ECFP_674	0.002743434126260667
ECFP_675	0.017238563535374805
ECFP_676	0.001978043056697179
ECFP_677	0.004045357759807295
ECFP_678	0.00073373265788464
ECFP_679	0.0016516144037551687
ECFP_680	0.011905998464359682
ECFP_681	0.0024458074622450117
ECFP_682	0.002761216432253648
ECFP_683	0.002478662581793877
ECFP_684	0.012984896811357704
ECFP_685	0.0028794542623370965
ECFP_686	0.0014116688958831006
ECFP_687	0.005598739748102795
ECFP_688	0.000685328679609449
ECFP_689	0.004933675928341706
ECFP_690	0.001782234207619146
ECFP_691	0.006903322229389825
ECFP_692	0.010743023658751811
ECFP_693	0.012806582573156422
ECFP_694	0.016146598997993714
ECFP_695	0.02879998182298593
ECFP_696	0.0008619089002823316
ECFP_697	0.0026258579749686146
ECFP_698	0.01943194449325211
ECFP_699	0.007434487903546996
ECFP_700	0.005990179198129804
ECFP_701	0.005229465751604768
ECFP_702	0.0008719762235286551
ECFP_703	0.01299758603672641
ECFP_704	0.0018380007907979133
ECFP_705	0.01039184981253305
ECFP_706	0.0028884134886818
ECFP_707	0.011350649914430813
ECFP_708	0.01475329343535275
ECFP_709	0.005333914703998775
ECFP_710	0.001872024848406478
ECFP_711	0.005773078997944789
ECFP_712	0.0011513408855198986
ECFP_713	0.01331859104927281
ECFP_714	0.00986508397193232
ECFP_715	0.010208717954286323
ECFP_716	0.0018602237516327099
ECFP_717	0.0022030469886243796
ECFP_718	0.03444876112636237
ECFP_719	0.0017387411986402527
ECFP_720	0.00452979513151862
ECFP_721	0.013119177410400265
ECFP_722	0.003026879073108766
ECFP_723	0.0035220856091177886
ECFP_724	0.0026681095126702714
ECFP_725	0.008254899466758142
ECFP_726	0.12181346309265621
ECFP_727	0.0045156936611489805
ECFP_728	0.009128439521579103
ECFP_729	0.004212916613652489
ECFP_730	0.03500380661251371
ECFP_731	0.006684971872673711
ECFP_732	0.0023346921666083783
ECFP_733	0.0013804848803419863
ECFP_734	0.002884183980608993
ECFP_735	0.0007804260306840027
ECFP_736	0.027795118767476323
ECFP_737	0.003781575315328651
ECFP_738	0.005547456443835494
ECFP_739	0.01566033885578233
ECFP_740	0.005870489838375983
ECFP_741	0.0018423275250357457
ECFP_742	0.003581639580503649
ECFP_743	0.00414688605024838
ECFP_744	0.0009467600839323132
ECFP_745	0.01750957888873359
ECFP_746	0.001145546161442973
ECFP_747	0.01040608438182665
ECFP_748	0.004562550502898555
ECFP_749	0.0057481351646354595
ECFP_750	0.003158894865769469
ECFP_751	0.008498473884200884
ECFP_752	0.0030444772261272344
ECFP_753	0.004874776458855714
ECFP_754	0.015728009272196263
ECFP_755	0.0026156438731879572
ECFP_756	0.0013616190147110797
ECFP_757	0.004217546165918209
ECFP_758	0.005029897650508475
ECFP_759	0.01742090538804316
ECFP_760	0.0013298287375664779
ECFP_761	0.006824739494934123
ECFP_762	0.0019407311308868795
ECFP_763	0.005970841887595775
ECFP_764	0.0037614762609785406
ECFP_765	0.0032924956770287728
ECFP_766	0.00041863896459015253
ECFP_767	0.012975587335991384
ECFP_768	0.0036708370498095104
ECFP_769	0.00733909451687984
ECFP_770	0.00710940833087244
ECFP_771	0.004165121943510317
ECFP_772	0.0030376188754010947
ECFP_773	0.0025719691777012716
ECFP_774	0.0006810505347068349
ECFP_775	0.003202973131547428
ECFP_776	0.0035943664311515995
ECFP_777	0.0023279014508759245
ECFP_778	0.0014535079421725801
ECFP_779	0.004258923868646623
ECFP_780	0.008599747117741873
ECFP_781	0.0006298441248328888
ECFP_782	0.004165148408993543
ECFP_783	0.002039460601259543
ECFP_784	0.007921601549176427
ECFP_785	0.012479428934540494
ECFP_786	0.005921887264280209
ECFP_787	0.015122956409420777
ECFP_788	0.0022399687883387204
ECFP_789	0.001953725268273647
ECFP_790	0.0017984662427891992
ECFP_791	0.0007415984010810207
ECFP_792	0.006642267960395562
ECFP_793	0.0006503025775963889
ECFP_794	0.03664086875447879
ECFP_795	0.005741990747091427
ECFP_796	0.0008750269993493057
ECFP_797	0.0012017510046797228
ECFP_798	0.014817317945621597
ECFP_799	0.003794314149705977
ECFP_800	0.0014954900681331002
ECFP_801	0.01402599245283491
ECFP_802	0.0037079604341187593
ECFP_803	0.003122896095037108
ECFP_804	0.0015779480251650025
ECFP_805	0.001661862522448981
ECFP_806	0.017696930736110048
ECFP_807	0.049376662402551424
ECFP_808	0.0029877586354528007
ECFP_809	0.0027825170746538217
ECFP_810	0.00047318162554288445
ECFP_811	0.0022921911090877213
ECFP_812	0.0008431167065235216
ECFP_813	0.0026086175759078853
ECFP_814	0.003538782319335457
ECFP_815	0.0017874210642236776
ECFP_816	0.020717036956294094
ECFP_817	0.002930806284910911
ECFP_818	0.0018224698454099545
ECFP_819	0.0038811638110106037
ECFP_820	0.007799185537960991
ECFP_821	0.001992816667759697
ECFP_822	0.0020380403781504225
ECFP_823	0.019284286960932186
ECFP_824	0.003054093408884527
ECFP_825	0.010346382922618438
ECFP_826	0.0012673118391835461
ECFP_827	0.010332081404322487
ECFP_828	0.0022368266760702726
ECFP_829	0.02586645816886656
ECFP_830	0.004783656037068183
ECFP_831	0.022750176396150474
ECFP_832	0.007152181223596436
ECFP_833	0.00647892500988074
ECFP_834	0.005639310486931491
ECFP_835	0.0018739794637573962
ECFP_836	0.0015965300970681013
ECFP_837	0.010185615531616617
ECFP_838	0.003567483753063285
ECFP_839	0.0033817143167990333
ECFP_840	0.001206224470753527
ECFP_841	0.009172012149618302
ECFP_842	0.009433252624155144
ECFP_843	0.013946713891543288
ECFP_844	0.0006889576194969924
ECFP_845	0.013131841766590383
ECFP_846	0.0015033618475802238
ECFP_847	0.0028577284849690293
ECFP_848	0.0028969132844254217
ECFP_849	0.0727873534619927
ECFP_850	0.0014967050424444872
ECFP_851	0.0011032979457177097
ECFP_852	0.011800388605825513
ECFP_853	0.007508858005719458
ECFP_854	0.0024379402342584486
ECFP_855	0.008959134130390673
ECFP_856	0.0033324940799460967
ECFP_857	0.011892827718226109
ECFP_858	0.002587171349988776
ECFP_859	0.005775166639722858
ECFP_860	0.0022130398917258507
ECFP_861	0.005423159146110535
ECFP_862	0.0021383107523238474
ECFP_863	0.001582856296432522
ECFP_864	0.00307763415411881
ECFP_865	0.0023068809622655726
ECFP_866	0.0005451873754351232
ECFP_867	0.008365643293685806
ECFP_868	0.0007848847176823735
ECFP_869	0.003831408792493933
ECFP_870	0.0017463506819561843
ECFP_871	0.0017401964682273931
ECFP_872	0.0014079778759488607
ECFP_873	0.0025065359516458618
ECFP_874	0.005826918660275728
ECFP_875	0.07230405831999198
ECFP_876	0.0009930429348190553
ECFP_877	0.002447855956019096
ECFP_878	0.007012431099114751
ECFP_879	0.0025250328726264095
ECFP_880	0.0009545804738373472
ECFP_881	0.04610400972129439
ECFP_882	0.00514827777988794
ECFP_883	0.0037252429667850293
ECFP_884	0.010552915529713517
ECFP_885	0.004006146370718107
ECFP_886	0.002558759998253132
ECFP_887	0.016598120333051504
ECFP_888	0.0032248185279475485
ECFP_889	0.004856444935103839
ECFP_890	0.005292494487234662
ECFP_891	0.00891356709182658
ECFP_892	0.0016110919319350634
ECFP_893	0.09984851391535365
ECFP_894	0.005754859637682507
ECFP_895	0.004422235815769641
ECFP_896	0.028154852626534797
ECFP_897	0.002944544638544024
ECFP_898	0.009007774020369858
ECFP_899	0.001867614290668166
ECFP_900	0.004058505498886312
ECFP_901	0.0009364038675647434
ECFP_902	0.002847966297567344
ECFP_903	0.002626462352973192
ECFP_904	0.01450805028852915
ECFP_905	0.0053429217994919904
ECFP_906	0.0014208593390277187
ECFP_907	0.0026164999006437484
ECFP_908	0.002667089949275521
ECFP_909	0.005643366516834991
ECFP_910	0.0012069865782973529
ECFP_911	0.005177841302472178
ECFP_912	0.010247769473951273
ECFP_913	0.020380628671594316
ECFP_914	0.00474498962049668
ECFP_915	0.0063339161891465354
ECFP_916	0.003000718700512739
ECFP_917	0.015061827147683374
ECFP_918	0.014546366033274244
ECFP_919	0.005952054349775648
ECFP_920	0.0058036990495372205
ECFP_921	0.003001704055649213
ECFP_922	0.019931724300382637
ECFP_923	0.043219477757439714
ECFP_924	0.001065405867087926
ECFP_925	0.0026095428649279802
ECFP_926	0.12692110114258784
ECFP_927	0.03176007038014307
ECFP_928	0.0033507910812249097
ECFP_929	0.001967342690022646
ECFP_930	0.0016934901135099295
ECFP_931	0.004444268491189122
ECFP_932	0.014057432682413435
ECFP_933	0.0057349174096822915
ECFP_934	0.0036232163168850432
ECFP_935	0.051492636242379076
ECFP_936	0.004697096435360935
ECFP_937	0.003096107049446436
ECFP_938	0.0016311385610627608
ECFP_939	0.0017596411827916537
ECFP_940	0.005459483142152404
ECFP_941	0.006867369065658935
ECFP_942	0.002633883702431058
ECFP_943	0.0005959943030846995
ECFP_944	0.006809239785929554
ECFP_945	0.0018880498103028272
ECFP_946	0.016729608434839446
ECFP_947	0.007647755367288922
ECFP_948	0.00447991778945647
ECFP_949	0.0088352244711306
ECFP_950	0.0015272240156993864
ECFP_951	0.0035283776371344633
ECFP_952	0.004480735286696807
ECFP_953	0.0032401119541758767
ECFP_954	0.0048447954432350865
ECFP_955	0.004721299814509186
ECFP_956	0.014857925040002795
ECFP_957	0.0037760824569525683
ECFP_958	0.0029688115427516527
ECFP_959	0.0011886081219376655
ECFP_960	0.005571078690966682
ECFP_961	0.004822163422247946
ECFP_962	0.0017940964184661773
ECFP_963	0.004277544873207959
ECFP_964	0.0002798198577348652
ECFP_965	0.0016954256196709111
ECFP_966	0.007940869436952649
ECFP_967	0.02635215193738217
ECFP_968	0.0014679177780972047
ECFP_969	0.002950399782679424
ECFP_970	0.005241587850552097
ECFP_971	0.006335149601238666
ECFP_972	0.0008902610294144605
ECFP_973	0.005574214123224263
ECFP_974	0.009675017573419837
ECFP_975	0.006051267222711423
ECFP_976	0.008342152266062896
ECFP_977	0.0014717778978852766
ECFP_978	0.008114155296609497
ECFP_979	0.01448989015440264
ECFP_980	0.0021153486743824427
ECFP_981	0.0438996730983965
ECFP_982	0.0027140894523151617
ECFP_983	0.0012724212338475803
ECFP_984	0.005076796150561971
ECFP_985	0.0033805133878466744
ECFP_986	0.005862554891928942
ECFP_987	0.0014285100658543888
ECFP_988	0.0027526810846013063
ECFP_989	0.010007876462269093
ECFP_990	0.0007771897128820916
ECFP_991	0.0021838833825985086
ECFP_992	0.008965528763033423
ECFP_993	0.028433314000997377
ECFP_994	0.006228065683933734
ECFP_995	0.0018326058403658981
ECFP_996	0.00472035069239195
ECFP_997	0.00484754388781603
ECFP_998	0.010605669677372264
ECFP_999	0.0022718517263419884
ECFP_1000	0.003277677179438583
ECFP_1001	0.0008816886497870288
ECFP_1002	0.0019349845466392166
ECFP_1003	0.001252388413498751
ECFP_1004	0.016739044247891532
ECFP_1005	0.001641157592733097
ECFP_1006	0.006598891018391259
ECFP_1007	0.0007113547848883414
ECFP_1008	0.0033622399733953
ECFP_1009	0.0033323121808066735
ECFP_1010	0.004980101700145098
ECFP_1011	0.004788707581551798
ECFP_1012	0.008808132808704659
ECFP_1013	0.0015984067669421605
ECFP_1014	0.0026340682675043614
ECFP_1015	0.0006433694179112843
ECFP_1016	0.0013861228572524802
ECFP_1017	0.023524035555468607
ECFP_1018	0.00217973031950776
ECFP_1019	0.03718820949268497
ECFP_1020	0.0020317714725444974
ECFP_1021	0.0027258119359162983
ECFP_1022	0.0008263749153214559
ECFP_1023	0.0012107240193850717
